track_id,song_name,artist_name,genre,energy,danceability,valence,tempo,acousticness,loudness,instrumentalness,duration_sec,duration_display,popularity,explicit,key_signature
trk_00000,Yeh Parwaaz Ke Paar,Nucleya,Rock,0.8368961593001004,0.2964759759374495,0.6378548328799687,138.80069000322163,0.0,-4.609739315044393,0.1098382521944133,249,4:09,76,No,C
trk_00001,Woh Parwaaz Ki Roshni,Yuvan Shankar Raja,R&B,0.5930840244333748,0.7043307664128367,0.458757398247466,105.49209476526303,0.1606731356596922,-9.757014514596458,0.3207673890261348,228,3:48,84,No,E
trk_00002,Yeh Rangeen Ki Chaahat,Atif Aslam,Electronic,0.7581079880751453,0.671822673701516,0.7951823366039619,101.18705013434798,0.0911068154452436,-6.38521546262855,0.3551714458198099,190,3:10,40,No,G
trk_00003,Mera Sapno Ka Safar,Shreya Ghoshal,Jazz,0.3365394964706643,0.5495752236681356,0.5167721392244347,109.74610953615512,0.5861572097042466,-12.032239535150408,0.6660179002640114,223,3:43,59,Yes,A
trk_00004,Woh Manzil Ke Sang,Vishal-Shekhar,Pop,0.7176643787713791,0.7547603551814351,0.5232989946350789,117.10304373192474,0.2446731399631349,-5.991060872385703,0.4089127212955698,162,2:42,27,No,D
trk_00005,Tera Ranjha Waala Mausam,Divine,Pop,0.7006537183635984,0.705501667862614,0.7330612674817903,110.01454684393818,0.2949584099307897,-4.463111406962347,0.2612594652614508,214,3:34,69,No,D
trk_00006,Yeh Nazar Ki Baarish,Neha Kakkar,Pop,0.9185648301419164,0.7039704555806153,0.9078658302982776,128.75082821035963,0.3394847302383353,-5.636057872999248,0.4522346379630385,190,3:10,48,Yes,A
trk_00007,Woh Dil Ke Paar,Kailash Kher,Country,0.4188778989824885,0.6698444952831687,0.5912360630566028,135.9404901562095,0.3359518959431173,-8.139428261572466,0.3474870095035812,250,4:10,44,No,F
trk_00008,Woh Manzil Ke Rastey,Alka Yagnik,Jazz,0.7104867428466722,0.4847402636642329,0.8612285804630635,114.12218402243934,0.5933719268155286,-11.559747773319796,0.3275989226073802,165,2:45,19,No,G
trk_00009,Yeh Tanha Ke Paar,Divine,Electronic,0.8749302417397503,0.6482712050043922,0.798838616364573,110.59581328110964,0.0,-3.833532624431483,0.0103413985503723,203,3:23,33,No,B
trk_00010,Tera Mausam Ke Sang,Pritam,Pop,0.6814262413211656,0.7775524877468531,0.5409908234876744,128.73052159003126,0.2337607339714651,-5.442893349061534,0.2743134571568043,183,3:03,34,No,A
trk_00011,Woh Noor Waala Pal,Ritviz,R&B,0.4908696784907969,0.4847814778596556,0.3935602327124559,94.24140419078992,0.4251800230247349,-9.889879949559734,0.1892246947806997,262,4:22,53,No,F
trk_00012,Tera Silsila Ki Chaahat,Divine,Electronic,0.9584003605563696,0.9507791694996068,0.5614052236744844,121.48994969870073,0.0619341808275948,-6.716520218841311,0.2146379685884904,270,4:30,65,No,D
trk_00013,Yeh Roshni Ke Rastey,Vishal-Shekhar,Pop,0.5955535506393532,0.8003429082601877,0.4454132870333419,120.92993527451956,0.0647549020107979,-4.86229133812899,0.2619478272032789,185,3:05,59,No,B
trk_00014,Woh Bekhayali Ki Raahein,Mohit Chauhan,Pop,0.8305192674780948,0.6281027477463874,0.6938045833249277,119.96582073487738,0.1647016907698433,-4.749845570605223,0.1846924103638083,232,3:52,52,No,G
trk_00015,Tera Silsila Ka Rang,A.R. Rahman,Pop,0.6509973763693738,0.7059992609004597,0.5063837607677917,127.31009464327856,0.1232393994914602,-4.69071352695601,0.2004653204246877,206,3:26,65,No,G
trk_00016,Yeh Yaadein Waali Shaam,Papon,Rock,0.9789756528375374,0.4738600075044877,0.5644599950547161,117.71325666870916,0.0,-6.465611073382087,0.0792671951348379,165,2:45,37,Yes,E
trk_00017,Tera Bekhayali Ki Chaahat,Atif Aslam,Hip-Hop,0.8089664865016462,0.9533978120849568,0.2301085126332873,88.17007669648878,0.0847313697817938,-4.31082446097693,0.1986685449827545,261,4:21,13,No,B
trk_00018,Mera Mausam Ka Nasha,Papon,Hip-Hop,0.7594754341665285,0.8853415558780309,0.5910714307744118,97.81191423969376,0.08833608831615,-6.093889691849284,0.1756191969893639,175,2:55,27,No,E
trk_00019,Yeh Dil Ke Geet,Atif Aslam,Rock,0.9418316606002312,0.3429499396376823,0.4312446236115596,137.40771187988216,0.0214010085169352,-4.336949724995537,0.4636368366653904,189,3:09,56,No,D
trk_00020,Woh Junoon Ki Roshni,Jonita Gandhi,Jazz,0.3177378584510899,0.4349658077419096,0.4946044491692247,121.52332608741504,0.5198585377148276,-10.897292947206996,0.5746247198226706,194,3:14,28,No,C
trk_00021,Yeh Khwaab Ki Baarish,A.R. Rahman,Pop,0.6642725580258274,0.6441700395040872,0.7831239191193055,122.5754263619808,0.2323070636330249,-4.145309282144345,0.1546147594105938,228,3:48,42,No,G
trk_00022,Tera Junoon Ka Safar,Guru Randhawa,Rock,0.7952509643001189,0.4062220166130089,0.4659581431050456,121.5700177651912,0.0,-2.870946777141059,0.1734652746146214,269,4:29,68,No,G
trk_00023,Woh Junoon Ki Dastak,Dhvani Bhanushali,Rock,0.9542608835636488,0.4480146608451246,0.3521101199278933,138.4573513254034,0.1135299240079272,-3.62264337275152,0.5541022504789822,160,2:40,25,No,G
trk_00024,Woh Dil Ki Chaahat,Shreya Ghoshal,Hip-Hop,0.6479086180663315,0.820542859627147,0.3385557857317401,103.24014830598352,0.2151709598155757,-4.694135676278638,0.3979185204231862,158,2:38,23,No,B
trk_00025,Yeh Noor Ka Rang,Shankar Mahadevan,Electronic,0.8868443510740995,0.5403971013516924,0.757345227647088,132.94406318945371,0.0238530965550292,-7.78464231259815,0.4878145492815627,209,3:29,57,No,B
trk_00026,Yeh Dooriyan Ka Nasha,Yuvan Shankar Raja,Pop,0.836531690202038,0.8264096078496275,0.7927728648034285,106.44820248859568,0.1310735719416687,-5.594590752571707,0.2955412130711737,200,3:20,41,No,C
trk_00027,Mera Roshni Ke Rastey,KK,Hip-Hop,0.5779682622784224,0.7281318074556721,0.6572087713325423,95.39163904361858,0.0954664533562186,-6.144409962303145,0.2063990960373789,122,2:02,50,No,G
trk_00028,Yeh Yaadein Ka Junoon,Palak Muchhal,Jazz,0.4373058935320636,0.6501945966802973,0.4656324522398627,114.33967422465048,0.6462493677979114,-11.783603201340538,0.2453902302226827,214,3:34,64,No,C
trk_00029,Mera Safar Waale,Jonita Gandhi,Pop,0.6476580689649354,0.7801722512682898,0.7344300914406787,116.84377885042544,0.1908223208425656,-3.5032809226039587,0.3668732315454669,218,3:38,30,No,F
trk_00030,Woh Sapno Waala Mausam,Kailash Kher,Jazz,0.4725766823163033,0.4041043114175426,0.351228056179462,122.5643634234519,0.6915190335361731,-14.023399154994646,0.2300128381386854,158,2:38,67,No,C
trk_00031,Yeh Rangeen Ke Geet,Palak Muchhal,Pop,0.6730231122119124,0.693954490172006,0.8124709707476726,133.21330161332165,0.0480505002896497,-4.060885361738274,0.2116463425996554,226,3:46,64,No,B
trk_00032,Mera Ranjha Ka Nasha,Palak Muchhal,Pop,0.632988697394064,0.569801956241998,0.7649755273845745,125.59155160302647,0.1038791679418624,-8.886563438217365,0.1595183596132539,209,3:29,61,Yes,F
trk_00033,Mera Mausam Ki Dastak,Badshah,R&B,0.6696571501664492,0.6641470426973031,0.4967234552588082,80.66732040926804,0.2145374199046791,-9.327204071040352,0.1335648317601633,261,4:21,45,No,C
trk_00034,Yeh Zindagi Ki Dastak,Guru Randhawa,R&B,0.5965045461015183,0.6966652828563514,0.5390212155834877,88.3327596691316,0.3147143360377038,-9.065678824752428,0.1684214176922749,223,3:43,44,No,G
trk_00035,Mera Rangeen Ki Dastak,Shaan,Electronic,0.7395660928436689,0.7124182604181787,0.7311682303935853,131.75369627192376,0.0,-5.721348761869843,0.3007179313226396,189,3:09,73,No,G
trk_00036,Woh Aasman Ke Geet,Shankar Mahadevan,Rock,0.7702040522258555,0.485526934871428,0.6638209844460005,128.34852876391767,0.0453124959868061,-2.935699634038938,0.2417496257853142,199,3:19,63,Yes,E
trk_00037,Mera Rangeen Ki Roshni,AP Dhillon,Pop,0.7463223694304552,0.6484786596854785,0.704918414773113,126.29473929231466,0.0641096795198308,-4.453589891293342,0.136558100968218,171,2:51,42,No,F
trk_00038,Tera Yaadein Mein Tu,KK,Classical,0.2454119218019081,0.5042984525351256,0.2545051265380927,101.3548501636277,0.8720017498276467,-15.1757878112519,0.4953949228766782,223,3:43,81,Yes,E
trk_00039,Yeh Junoon Ki Chaahat,Mohit Chauhan,Hip-Hop,0.6171537231032271,0.8909340018105376,0.7075869385423803,98.00192162600194,0.1057992572538253,-7.023495944786241,0.1072369927630003,238,3:58,67,No,A
trk_00040,Mera Noor Ka Junoon,Shaan,Pop,0.8501952267791767,0.7705026687061879,0.5568214424681519,115.671065867629,0.2561447536033592,-4.629460034592331,0.3115788808666417,222,3:42,66,No,G
trk_00041,Woh Roshni Ki Raahein,Dhvani Bhanushali,Hip-Hop,0.8544526003678093,0.8945193727013594,0.5823879207381875,72.86772651973169,0.1757515961441932,-5.875379228576924,0.2806721217173955,237,3:57,72,No,B
trk_00042,Yeh Safar Mein Tu,Sonu Nigam,Pop,0.6682814533391005,0.5405879372336223,0.770686833688704,121.38720502869636,0.0140920640157083,-2.81420636006563,0.6038051622597618,251,4:11,38,Yes,B
trk_00043,Yeh Saathiya Ke Rastey,Sunidhi Chauhan,Country,0.7714251523462277,0.5203982772670103,0.6651738827388155,98.12062612536172,0.4989052477789115,-4.170078030865884,0.4041294196826503,210,3:30,76,Yes,A
trk_00044,Mera Junoon Waale,Vishal-Shekhar,Rock,0.9615902053365362,0.4350734421924075,0.663739096340466,134.82034450043926,0.0,-2.7985950405558064,0.2802546899264195,227,3:47,22,No,E
trk_00045,Woh Yaadein Ka Safar,Kavita Seth,Classical,0.4361805783669631,0.1923309830774869,0.3580465375866636,92.6166297269648,0.9917927464153286,-16.456335821757722,0.6994711434186852,161,2:41,26,Yes,C
trk_00046,Woh Bekhayali Waale,Shankar Mahadevan,Rock,0.7972223135754061,0.5771438991915824,0.3224842190431253,129.70298362162393,0.1826371157722244,-4.292417812643437,0.1808951111001436,171,2:51,48,Yes,B
trk_00047,Tera Yaadein Ki Roshni,Dhvani Bhanushali,Hip-Hop,0.4128717337042538,0.7839095091950807,0.608021238429496,102.78109186126018,0.1083822785736159,-7.646793537523836,0.3869581717452302,176,2:56,32,No,F
trk_00048,Woh Ranjha Waali Shaam,Ritviz,Jazz,0.3159718569342871,0.3577169810273167,0.5135402982416541,125.6810479471821,0.5579137574230433,-11.021029307386383,0.406964919035499,219,3:39,51,No,B
trk_00049,Yeh Fanaa Mein Tu,KK,Pop,0.7390450708530797,0.6895987725074872,0.8061528147835231,108.80819861279284,0.0611680386163183,-4.149416723917845,0.0374870923229879,182,3:02,43,Yes,F
trk_00050,Tera Dooriyan Ke Geet,Sunidhi Chauhan,R&B,0.5969998260763171,0.8714712305997993,0.621448143764463,67.1585214251766,0.2691446773456276,-5.856013605930718,0.0726942648820585,224,3:44,32,No,D
trk_00051,Yeh Sapno Ka Ehsaas,Monali Thakur,Electronic,0.7876821785189951,0.8319262944775263,0.4988856094331724,136.03051309661183,0.0258200259262783,-5.6647333405062525,0.2760855450712846,239,3:59,42,No,F
trk_00052,Woh Dooriyan Ki Kahani,Mohit Chauhan,R&B,0.4525963776882123,0.7259497306070692,0.689911275857791,93.7986785070908,0.3962874890451998,-4.9715508333202045,0.2882678093933271,192,3:12,74,No,E
trk_00053,Yeh Parwaaz Ki Chaahat,Shaan,Country,0.4142597040213789,0.5237216611017532,0.8024757272789869,97.92694659671668,0.2745293560504051,-8.685852200297639,0.0898341434779049,281,4:41,13,Yes,E
trk_00054,Tera Mausam Waala Mausam,Neha Kakkar,Jazz,0.6543667895301528,0.4682806909205336,0.5387076821848581,106.77860424809936,0.6625439449050329,-10.148469873598122,0.4918279354409053,222,3:42,39,No,C
trk_00055,Tera Roshni Ka Rang,KK,R&B,0.4577487269622918,0.797372699774259,0.3965695546381012,93.6354594068736,0.2017262160992222,-7.584405874343732,0.3060318927203427,227,3:47,45,Yes,F
trk_00056,Mera Sapno Waala Mausam,Badshah,Pop,0.7776709043904985,0.8232140563485116,0.5668425394575091,109.60174752547832,0.1607348139342175,-4.83081820605636,0.0609923631035407,189,3:09,82,No,E
trk_00057,Woh Noor Ka Rang,Kailash Kher,Pop,0.8263591100619856,0.8757059956689093,0.5177861267242312,130.43852932586316,0.1417581438882227,-3.1623014777481884,0.2568388566176705,252,4:12,27,Yes,B
trk_00058,Tera Nazar Ki Baarish,Sonu Nigam,Pop,0.709793325548333,0.8024264677643169,0.6388965711417443,125.77531240814945,0.2600692938547165,-3.4811809984192448,0.0404586330024572,246,4:06,23,No,F
trk_00059,Tera Noor Waale,Guru Randhawa,Rock,0.9223610587228874,0.5667460781639312,0.4045492129674082,136.3423266574016,0.1218158234823948,-3.0244273169180973,0.1235345786146921,215,3:35,72,No,A
trk_00060,Woh Noor Ki Baarish,Ritviz,Hip-Hop,0.6622349138665443,0.7983601223744212,0.4513250010545521,94.32608764281808,0.1232695377985077,-4.672873417855029,0.2376637162717496,183,3:03,91,No,G
trk_00061,Mera Dil Mein Tu,Jonita Gandhi,Rock,0.8276534017628148,0.4650683203881802,0.5476696472934721,124.96820217165724,0.163995352155364,-6.424465912654882,0.1912204640490106,243,4:03,84,No,B
trk_00062,Yeh Bekhayali Waala Pal,Raftaar,Electronic,0.8734304675561497,0.6550668688079606,0.6099746958788016,121.32896593209225,0.0,-5.945904912795559,0.219740250307789,219,3:39,62,No,C
trk_00063,Mera Safar Ki Baarish,Atif Aslam,Rock,0.5796767707000763,0.5677875319530907,0.4715109180247092,109.69367103143544,0.1408962079619984,-1.9395121822555632,0.1751506610601637,267,4:27,64,No,B
trk_00064,Yeh Chaand Ka Junoon,Yuvan Shankar Raja,Rock,0.8253937511870051,0.4156753404683808,0.8105131260997377,126.24114187567665,0.1098563845427588,-3.1727719359392985,0.1553735731030335,184,3:04,23,No,D
trk_00065,Tera Mausam Ke Geet,Anirudh Ravichander,Jazz,0.357069777548274,0.3807579020126144,0.38124190435938,109.16894427371304,0.4796223700775198,-9.859916054465597,0.449640664485259,199,3:19,34,No,C
trk_00066,Woh Tanha Ka Safar,Rahat Fateh Ali Khan,Pop,0.6919222211496029,0.8353713045682828,0.7158564065603177,131.3061703550959,0.1656300227481395,-3.51130875275821,0.3114897762724962,262,4:22,35,No,G
trk_00067,Yeh Manzil Ki Baarish,Nucleya,Electronic,0.6801815967397664,0.8229221791233894,0.6825435992624421,130.1966552259807,0.0198403872666371,-5.136330326000321,0.3644012835312095,250,4:10,93,No,F
trk_00068,Woh Silsila Ki Kahani,Divine,Pop,0.6973705468773026,0.9005818287639656,0.8596219703567457,131.26968531056676,0.1685888222147093,-3.6296078123312014,0.1111037050930379,226,3:46,28,No,G
trk_00069,Woh Roshni Ka Junoon,Anuv Jain,R&B,0.6058769784560627,0.7717545206664121,0.2057111691881284,105.57968849152924,0.2351102121798264,-9.153029471105064,0.4043728864305714,247,4:07,43,No,G
trk_00070,Mera Saathiya Ke Paar,Rahat Fateh Ali Khan,Electronic,0.9000582318042979,0.6529379790923355,0.7670958360077194,123.49953485401048,0.0730954903423885,-5.609517241843169,0.1840501223489152,256,4:16,16,No,C
trk_00071,Tera Dil Ka Ehsaas,Vishal-Shekhar,Pop,0.6409033569784801,0.7089185712045415,0.5673154397816876,115.85078969711265,0.1253572572651407,-3.8305092015959903,0.3228967223271081,151,2:31,33,No,G
trk_00072,Yeh Aasman Waali Shaam,Atif Aslam,Pop,0.6265651128120078,0.6907535740847106,0.6968313091649287,120.80161158819608,0.0852317184062683,-4.363908433303865,0.1955368603819244,195,3:15,47,Yes,E
trk_00073,Tera Fanaa Waala Pal,Sonu Nigam,Electronic,0.7741203937332898,0.8798647170504716,0.6673103337529487,123.0451968197084,0.1057563523608588,-6.500729234634015,0.4007713491305097,206,3:26,58,No,A
trk_00074,Mera Ranjha Waali Shaam,Armaan Malik,Electronic,0.7981696515978511,0.7597244609241453,0.4478357340598616,127.2332907439054,0.1025184969468073,-6.736158194734321,0.4805288097356543,281,4:41,51,No,E
trk_00075,Woh Khwaab Mein Tu,Dhvani Bhanushali,Electronic,0.6758383780203973,0.7366265645900734,0.6389279966145494,122.42088909618838,0.1004845214417204,-6.98112001472148,0.0928084910730295,270,4:30,44,Yes,G
trk_00076,Mera Roshni Ke Geet,Guru Randhawa,Electronic,0.8523760217445681,0.7471421493800943,0.6309554593897989,115.80438368280112,0.0,-4.286759957620707,0.188129102774731,216,3:36,42,No,D
trk_00077,Yeh Noor Ke Rastey,Nucleya,Pop,0.6590635230359387,0.752887572314901,0.6937576373850383,134.4152694864415,0.1433119089127263,-7.886732241573275,0.532943315122406,202,3:22,63,No,G
trk_00078,Tera Safar Ki Chaahat,Ritviz,Rock,0.6300389281499446,0.3287560542435686,0.7321024130876647,144.9532953286969,0.0914678966850883,-1.9143587883904267,0.1739801418487922,235,3:55,32,No,A
trk_00079,Woh Noor Ka Nasha,Sid Sriram,Pop,0.9739743039927864,0.7960070606347438,0.8301432455794105,122.89940582800074,0.2471415720367423,-6.301999999307821,0.1922200814006788,160,2:40,59,No,E
trk_00080,Mera Khwaab Ka Nasha,Shreya Ghoshal,Country,0.5985962282927272,0.5277458164085602,0.5452981621289754,95.40172003086352,0.4280040876242774,-6.294516534207565,0.0242524824794862,234,3:54,35,No,F
trk_00081,Yeh Aasman Ki Dastak,Raftaar,Classical,0.2836160046276041,0.1833991110924774,0.3914265211481463,99.8131412799878,0.9988569391439072,-15.360256271620466,0.285971370563037,194,3:14,51,No,C
trk_00082,Yeh Fanaa Ke Rastey,Shankar Mahadevan,Rock,0.8158112263828715,0.5059932630266328,0.5832852325549831,141.60658595838652,0.0,-8.529268233731237,0.3603204878691284,217,3:37,66,No,B
trk_00083,Tera Manzil Ki Chaahat,Mohit Chauhan,Pop,0.6526453800295531,0.649281630619396,0.7201270986461464,120.26300934821867,0.1841964739996093,-6.684590840216828,0.1766916260278988,238,3:58,32,Yes,G
trk_00084,Yeh Barsaat Ke Rastey,A.R. Rahman,Rock,0.8286287848004118,0.5693878444980653,0.7415295682639779,129.89711728725524,0.1721288731654726,-7.110131333404574,0.2137663788428939,215,3:35,54,No,E
trk_00085,Yeh Barsaat Ka Junoon,Prateek Kuhad,Rock,0.955994055605915,0.3120439371989978,0.4073112561035383,129.84813270764187,0.1368335783552038,-2.892879437635524,0.3711710574358156,224,3:44,46,No,E
trk_00086,Mera Yaadein Ki Dastak,Guru Randhawa,Electronic,0.8199487942277414,0.7597701770507296,0.6189300937235658,124.14662877184242,0.0,-6.00526198801281,0.1346468688290679,249,4:09,75,Yes,B
trk_00087,Woh Nazar Ke Geet,Prateek Kuhad,Classical,0.3130815849144619,0.4235121821948528,0.3615889622866732,86.03337840178082,0.9386019239062874,-16.555885784608677,0.4941529825002534,172,2:52,35,No,D
trk_00088,Tera Mausam Ki Chaahat,Neha Kakkar,Country,0.5082036496161356,0.6575175935668459,0.4857554547728398,120.4799975392402,0.2890873965372156,-6.711560532787156,0.2924311094820414,204,3:24,15,No,A
trk_00089,Yeh Bekhayali Mein Tu,Prateek Kuhad,Hip-Hop,0.7119018406053974,0.6474680909766545,0.363942128589574,92.8196412180178,0.0,-4.831530431933998,0.019056565886325,201,3:21,90,No,F
trk_00090,Mera Noor Ki Dastak,Raftaar,Pop,0.7716316881568501,0.7620756806189468,0.8857084114034711,115.6230487531036,0.1653787811356184,-3.5287198262937878,0.2628382573114327,159,2:39,69,No,B
trk_00091,Mera Dooriyan Waala Mausam,Rahat Fateh Ali Khan,Electronic,0.6648554235108028,0.8461933876731534,0.6215662143718139,110.4762253841494,0.1131170684187518,-6.707789391650196,0.1830812529395026,215,3:35,35,No,F
trk_00092,Mera Manzil Ka Ehsaas,A.R. Rahman,Electronic,0.7957296205276717,0.9326435588973208,0.6519572019273278,134.4000982674561,0.2085263331852153,-7.006254055100242,0.2808209370781768,219,3:39,27,No,F
trk_00093,Yeh Zindagi Ka Ehsaas,Hariharan,Jazz,0.3060594216199483,0.3329982349401088,0.6518274441370898,116.38517860594486,0.5810585117628753,-11.394468205671018,0.0570534797194058,215,3:35,28,No,E
trk_00094,Tera Noor Ke Rastey,Monali Thakur,Electronic,0.7844178525670897,0.7203803076123187,0.4048416775246098,120.7006223053751,0.0679700628311215,-4.737707486940361,0.4259614881233569,264,4:24,45,No,E
trk_00095,Woh Yaadein Ki Kahani,Kavita Seth,Hip-Hop,0.5767857670185167,0.5624333988907384,0.571789924955594,87.38311793766401,0.1047901827666517,-6.044152096364236,0.5851562654343164,232,3:52,66,Yes,A
trk_00096,Yeh Khwaab Waala Mausam,Kailash Kher,Hip-Hop,0.6919448108180777,0.8425887206193037,0.5022977332898902,88.58513090955691,0.1190297827896859,-3.293477835319885,0.1461457766416693,251,4:11,79,No,C
trk_00097,Mera Dooriyan Ka Rang,King,Hip-Hop,0.7355613348785659,0.6749592266030283,0.572541839162644,103.82333062323409,0.0438327733733535,-6.705063221639252,0.305492782361546,193,3:13,42,No,E
trk_00098,Woh Yaadein Ki Dastak,Monali Thakur,Pop,0.6852458194364841,0.6850626961678574,0.8585564838727614,132.19603004513638,0.1019661147409035,-7.799809927040924,0.3732145460396719,155,2:35,25,Yes,G
trk_00099,Tera Zindagi Ka Safar,Alka Yagnik,Pop,0.8230764119066525,0.7514273067836434,0.5855272696724025,113.9296368707322,0.204905476556536,-4.841158320327149,0.2990042980656191,302,5:02,32,No,B
trk_00100,Mera Safar Ki Kahani,A.R. Rahman,Pop,0.616968637426101,0.7310879609222967,0.8105980134309351,116.72450879622464,0.2708923944197878,-7.176763535077338,0.3159220864062794,174,2:54,0,No,B
trk_00101,Mera Ranjha Ki Dastak,Jonita Gandhi,Classical,0.2698948146796494,0.4037047288739929,0.4888709041723657,80.47821193260651,0.9338124052401284,-15.835794093929067,0.4836455060213017,207,3:27,63,Yes,D
trk_00102,Mera Aasman Ka Nasha,AP Dhillon,Rock,0.5941631616742897,0.426848659610367,0.4272165386418047,117.70065329094253,0.0400774823235923,-2.1739396453725552,0.6167607639897442,186,3:06,67,Yes,A
trk_00103,Mera Khwaab Waale,Jonita Gandhi,Hip-Hop,0.7579643229322647,0.945973187503794,0.2935876938862618,89.0157406465644,0.0982861222014317,-3.2967527873528315,0.2820466797194879,259,4:19,18,No,G
trk_00104,Woh Dooriyan Ke Sang,King,Country,0.6292934853493107,0.5533327925665803,0.5352587740220424,81.90816268715135,0.362564288432116,-5.377086910388726,0.3898405444573913,227,3:47,41,No,G
trk_00105,Yeh Bekhayali Ki Kahani,Rahat Fateh Ali Khan,Rock,0.9176598016615848,0.3700883355698933,0.4033345829592495,138.5820704694391,0.1750048097763812,-3.049582689136253,0.3991906240244586,196,3:16,35,Yes,F
trk_00106,Yeh Saathiya Ke Paar,Palak Muchhal,Hip-Hop,0.8444420388153692,0.7939711008608389,0.5545754203570856,102.74131461619363,0.0,-5.71018886592871,0.4617640825838227,187,3:07,45,No,E
trk_00107,Woh Chaand Waala Mausam,Shaan,Electronic,0.8269024068137534,0.6203608310832932,0.5664152296600774,114.82858673123488,0.0,-5.435138977291313,0.3184703205998129,162,2:42,51,No,E
trk_00108,Woh Parwaaz Ki Chaahat,Jubin Nautiyal,Rock,0.7860235472555867,0.6249780701403607,0.368188558845322,140.177484856512,0.0305247176598281,-5.027809296789108,0.291008944041112,150,2:30,41,No,F
trk_00109,Mera Nazar Ki Kahani,Kavita Seth,Pop,0.7336679192716101,0.8887257411052596,0.8375948699874313,106.145376464049,0.1916774532459862,-2.7194911440357457,0.2775490446097024,176,2:56,23,No,G
trk_00110,Yeh Sapno Ki Roshni,Yuvan Shankar Raja,Rock,0.857747371873723,0.6513597974652778,0.4763967024978061,121.5724269705144,0.2361216856336588,-5.6623861927239805,0.0646773314943321,159,2:39,68,No,E
trk_00111,Woh Manzil Ka Ehsaas,Dhvani Bhanushali,Pop,0.6214045226285174,0.7383370067599605,0.6132294724436964,113.98941149875614,0.2996530700953975,-4.828067736200016,0.2062642467191584,261,4:21,88,No,E
trk_00112,Tera Silsila Waale,Jonita Gandhi,R&B,0.4941485257906113,0.8955332748190619,0.3826925449432776,75.55482662997727,0.3644277279078342,-7.786916282609001,0.185864496417631,235,3:55,64,No,A
trk_00113,Mera Noor Ki Kahani,Anuv Jain,Electronic,0.7105467310863611,0.6335608929085819,0.5830886502866856,129.16540326608632,0.0651728701650736,-8.40819763457857,0.1083691141974365,258,4:18,66,Yes,C
trk_00114,Woh Junoon Ke Rastey,Papon,Classical,0.1526757686627466,0.2925872893569956,0.3709420929011283,87.53690244633194,0.955822152080897,-18.11068599258944,0.3994045489402121,255,4:15,44,No,B
trk_00115,Tera Roshni Ke Geet,Prateek Kuhad,Country,0.6392589517114353,0.5025820843420356,0.8091157609142281,88.23091526030746,0.3574032492394897,-7.590414156022891,0.5560540759553159,248,4:08,69,No,A
trk_00116,Woh Zindagi Ki Dastak,AP Dhillon,Electronic,0.7762923009114422,0.9192515353168118,0.5080012094659982,120.5044286409142,0.1187670309583841,-6.580695974684272,0.3258361491819335,210,3:30,40,No,C
trk_00117,Tera Noor Ka Rang,Anuv Jain,Pop,0.8943632003468814,0.7221037069668191,0.6664287797804999,125.90371896051712,0.1772041035655112,-4.144080504170704,0.5366434697370164,171,2:51,100,No,B
trk_00118,Tera Saathiya Waali Shaam,Vishal-Shekhar,Country,0.6744679580736788,0.4831929347902229,0.7706642271169472,93.5446178200108,0.2409301900223073,-5.938545364437269,0.2861169997362376,180,3:00,21,No,D
trk_00119,Tera Manzil Waala Pal,Papon,Hip-Hop,0.7014332059844156,0.8174817768808779,0.5197586186430283,91.105984569698,0.2072723923923614,-7.654535183205747,0.2669032939895014,178,2:58,52,Yes,C
trk_00120,Tera Roshni Ki Raahein,Shankar Mahadevan,Electronic,0.9744639173258682,0.6918980352728414,0.6509959339497055,118.20343719539292,0.0269685594846964,-5.841375780833471,0.1398043623915439,190,3:10,52,No,B
trk_00121,Tera Mausam Waale,Kavita Seth,Country,0.594503586411619,0.6841700762941993,0.3703214283743721,115.85926696322798,0.4344175081064834,-6.999331758718682,0.08307853937615,242,4:02,55,Yes,G
trk_00122,Tera Yaadein Ka Nasha,Dhvani Bhanushali,Rock,0.7583115308281438,0.5433489717448523,0.4532718929500234,123.27148577650355,0.0,-4.198130508278715,0.3200145528388206,208,3:28,49,No,G
trk_00123,Mera Roshni Ki Baarish,Javed Ali,Pop,0.6735008051243873,0.8135381358822269,0.7428906059461142,127.15417021230274,0.2358702337853198,-5.337250254570872,0.54636853650468,200,3:20,70,No,C
trk_00124,Yeh Mausam Waale,Divine,Rock,1.0,0.4199961435602353,0.5423770510461574,140.3743813468414,0.0634158675930568,-4.064235071967362,0.298471100322291,243,4:03,37,No,G
trk_00125,Yeh Tanha Ke Geet,Divine,Hip-Hop,0.7211283692279472,0.793299285805649,0.4314350934260106,96.5101229055782,0.0573385992928426,-3.68086474764794,0.4397967915904881,205,3:25,46,No,C
trk_00126,Mera Roshni Ka Nasha,Rahat Fateh Ali Khan,Electronic,0.8651161460652314,0.7468533986464808,0.7815611119204786,139.96596891581265,0.0831718388083826,-4.873303728291225,0.3174848309774208,180,3:00,35,Yes,F
trk_00127,Mera Bekhayali Waali Shaam,Sonu Nigam,Country,0.602883130181302,0.5856002629225027,0.6761596892799365,110.41407568872587,0.4653373408760041,-5.823808613702949,0.4310527559366463,224,3:44,30,No,E
trk_00128,Tera Mausam Ki Roshni,AP Dhillon,Pop,0.8433232448315634,0.8533925143085558,0.7342413808531901,121.98983328790584,0.2024483130298741,-4.431078692266026,0.5226051797140615,172,2:52,48,No,C
trk_00129,Mera Saathiya Ke Geet,Neha Kakkar,Hip-Hop,0.7543379568944757,0.8171839339793532,0.566390146398174,83.24405394375148,0.0083944126178716,-5.104157672619923,0.2560201231342787,232,3:52,61,No,A
trk_00130,Yeh Yaadein Ki Roshni,Vishal-Shekhar,Hip-Hop,0.7625630933646,0.8260442263333556,0.4353389772568714,84.91445315923792,0.0,-5.47552492905046,0.1247864255692984,251,4:11,43,No,G
trk_00131,Woh Roshni Ki Kahani,Anuv Jain,Rock,0.9231870704288296,0.523394745213454,0.5040785874937759,133.91984685124552,0.1716006934448096,-3.096300856448649,0.218107025391012,169,2:49,53,No,G
trk_00132,Woh Manzil Ki Raahein,Badshah,Pop,0.7432085262437467,0.6468265420203488,0.8336032607132726,118.35126669927736,0.0612802645431261,-7.627054934851785,0.0676977896984761,189,3:09,33,No,E
trk_00133,Woh Rangeen Waala Pal,Papon,Rock,0.8908665283372168,0.5367649292991421,0.2979968190818052,134.25508016831037,0.1708185186391193,-4.88853393347808,0.191396742099834,251,4:11,89,No,C
trk_00134,Tera Nazar Ki Chaahat,Diljit Dosanjh,R&B,0.5503695671847848,0.8408389311357193,0.5425961905709199,86.44951355627849,0.3522663576254973,-9.981235660818436,0.3296077803694743,140,2:20,8,No,A
trk_00135,Tera Manzil Waali Shaam,Neha Kakkar,Rock,0.8938662206351085,0.5134472842062913,0.5757480884048218,137.69023373618788,0.135569549792113,-2.438635974540831,0.3192357493385883,197,3:17,53,No,C
trk_00136,Tera Nazar Ki Dastak,Alka Yagnik,Hip-Hop,0.5869384665062474,0.8622711223900269,0.5755435501066173,86.95684240340007,0.151628434461008,-6.947366593747997,0.2319690993309241,192,3:12,46,No,C
trk_00137,Mera Dooriyan Ki Chaahat,Guru Randhawa,Electronic,0.779414056911966,0.6453421653459761,0.5787871004261061,110.51381701136252,0.0107077002286316,-6.427313240054506,0.245826759802069,208,3:28,59,No,E
trk_00138,Tera Ishq Ka Ehsaas,Atif Aslam,Rock,0.8051283431334901,0.6090434341399109,0.3874863934677423,117.96887983960022,0.1159437847993651,-3.569905241374313,0.2137175210625075,173,2:53,57,No,D
trk_00139,Tera Yaadein Ki Baarish,AP Dhillon,R&B,0.4420160846211481,0.5673908091172783,0.4807115070425763,100.3584730486762,0.2467395320122703,-7.716152030141108,0.0874211565647471,232,3:52,9,No,C
trk_00140,Woh Junoon Waala Mausam,Divine,R&B,0.5673961149685708,0.5760926433608219,0.5019859278690936,86.47944392288063,0.418466786027879,-8.58968178379986,0.4694937923369262,199,3:19,54,No,E
trk_00141,Tera Manzil Ka Ehsaas,Pritam,Rock,0.9425398090796724,0.5031781568161591,0.7574937721683441,128.74279244082848,0.1878099971888931,-3.942549118716364,0.3315651209288499,187,3:07,41,No,G
trk_00142,Yeh Noor Ki Chaahat,Shankar Mahadevan,Hip-Hop,0.6969420980496532,0.9173032533825708,0.601654198277557,93.03672443974628,0.1905427117961551,-3.1904690646368143,0.0245223405419942,253,4:13,32,No,G
trk_00143,Woh Ranjha Ki Raahein,Pritam,Rock,1.0,0.7267180195098223,0.7292725839758014,133.279026489429,0.2079460050356675,-1.5078384794074062,0.2913895191622787,162,2:42,54,No,D
trk_00144,Mera Fanaa Ki Raahein,Anirudh Ravichander,Rock,0.7843804045111556,0.4267107114272774,0.5416506149294529,136.899875622171,0.2272815444620093,-4.308652897044501,0.3912066401825146,251,4:11,42,Yes,G
trk_00145,Mera Manzil Waale,Shankar Mahadevan,Pop,0.6900633506159681,0.6389996428114073,0.989205837928856,120.21491623278396,0.151702434968325,-3.6699014606681866,0.170455567108458,252,4:12,45,Yes,E
trk_00146,Tera Chaand Ki Baarish,Badshah,Jazz,0.244686794663117,0.4198502636479126,0.5799014406056677,101.06506766112392,0.5348324165463648,-11.81938855718906,0.506764783698939,221,3:41,41,No,G
trk_00147,Tera Mausam Ki Raahein,KK,Hip-Hop,0.7742859479577231,0.8113869400309685,0.4232009819867061,93.33778515289848,0.202708395282574,-5.793233242678824,0.2663373527773963,228,3:48,53,No,C
trk_00148,Woh Dil Mein Tu,Sonu Nigam,Pop,0.63277395471085,0.86468791992519,0.7397609976135209,123.33400851237562,0.0729850374313637,-6.471480797493378,0.3117813887990167,172,2:52,24,Yes,E
trk_00149,Woh Bekhayali Ki Dastak,Yuvan Shankar Raja,Rock,0.7679823120953975,0.3748621753572607,0.493787938206356,116.45305257367134,0.012367927759261,-3.5524122301505434,0.2159986539636406,283,4:43,42,No,D
trk_00150,Tera Aasman Ka Rang,Shaan,Country,0.4551083479175163,0.7247363197915558,0.7618629877112462,102.63444712781056,0.4408496117746355,-8.659440268617452,0.1897040041198748,253,4:13,44,Yes,A
trk_00151,Tera Nazar Ki Raahein,Kavita Seth,Rock,0.8848289330099758,0.4267531542988345,0.6430920660883812,141.72061423949685,0.0,-1.9392882588593432,0.213327856829999,178,2:58,53,No,B
trk_00152,Tera Barsaat Ka Nasha,Neha Kakkar,Pop,0.8892545253725957,0.54508761135464,0.7977003379998822,110.8448318074168,0.0914765944304274,-5.372537039618186,0.0689031098432523,241,4:01,80,No,F
trk_00153,Yeh Saathiya Waala Mausam,Nucleya,Hip-Hop,0.7292988208334978,0.837761450632894,0.547111719735918,110.9050334456484,0.0432258505208565,-8.288603854805523,0.1237701965149951,211,3:31,40,No,G
trk_00154,Mera Barsaat Ka Rang,Arijit Singh,R&B,0.5986036289417638,0.5252696011061635,0.6299229264664488,85.28875348182122,0.2425091049008663,-6.011305028686715,0.1804746754823124,157,2:37,0,No,A
trk_00155,Woh Barsaat Ki Baarish,Ritviz,Rock,0.9700261749738828,0.4536838637914601,0.5006288071460797,139.53900734255748,0.0,-4.582781162774514,0.2522427196619624,123,2:03,36,Yes,D
trk_00156,Woh Dil Ka Nasha,Kailash Kher,Classical,0.3038728976052509,0.2788724744849686,0.3472044505112108,95.49699418311005,0.906073642740759,-18.41510717112157,0.2917129805273984,188,3:08,12,No,D
trk_00157,Mera Roshni Waale,Arijit Singh,Electronic,0.9596048491395556,0.6843261436740972,0.8799947185979738,145.5523003090778,0.0,-7.06240160910452,0.5642670106933249,195,3:15,39,No,D
trk_00158,Mera Barsaat Ke Rastey,Hariharan,Rock,0.8215233022462803,0.4368515267314699,0.6572859516789753,123.03289176069592,0.095977362051,-4.958685283707947,0.1170269967096956,202,3:22,48,No,B
trk_00159,Yeh Ishq Ke Rastey,Monali Thakur,Electronic,0.7701403262390374,0.7474027352672086,0.6182253131536728,138.5481194346917,0.0314296545161236,-4.253077514534466,0.3989887367777819,292,4:52,0,No,F
trk_00160,Woh Noor Ka Ehsaas,Sonu Nigam,Rock,0.8274343296781931,0.4914391910528753,0.7309160270696421,121.0784778792311,0.2046409532529422,-5.768224960337195,0.5233899630543689,213,3:33,43,No,C
trk_00161,Woh Junoon Ka Junoon,Kailash Kher,Classical,0.2943501720584525,0.1848131615413225,0.3141973758363709,79.71423474493875,0.7201485690566269,-14.10802284722493,0.2434213974367218,181,3:01,45,Yes,A
trk_00162,Mera Mausam Ka Junoon,Palak Muchhal,Classical,0.1367330948123103,0.3344355769287956,0.3551605506082996,84.92728589406188,0.8524877462383759,-16.159332240763018,0.3285535042175971,204,3:24,50,No,B
trk_00163,Tera Junoon Ki Chaahat,Nucleya,Hip-Hop,0.7958204917294234,0.6033560730863952,0.7914973186414584,108.00313192135592,0.0352214470287914,-5.426360157397335,0.082838981063679,194,3:14,38,No,F
trk_00164,Woh Rangeen Ka Junoon,KK,Pop,0.6058155574000288,0.8357330765560618,0.5881464704252477,105.77979128429844,0.2173203743852797,-4.445569468491005,0.2973265837867458,159,2:39,55,No,G
trk_00165,Mera Dooriyan Ka Nasha,Anirudh Ravichander,Electronic,0.8099925172217242,0.806575273300959,0.4996806190084459,138.74388087331718,0.0,-6.3658548319881945,0.3637266472122341,188,3:08,64,No,F
trk_00166,Tera Mausam Waali Shaam,Mohit Chauhan,Rock,0.7235855864972338,0.3906563417903588,0.6534920091466428,131.40508092742024,0.0649131431452258,-3.467452602743744,0.126901241577656,181,3:01,51,Yes,F
trk_00167,Woh Sapno Mein Tu,Monali Thakur,Pop,0.7445018856699102,0.7034177921080391,0.5759422635783099,118.12477049335467,0.1129342108130715,-6.5519864306554005,0.159612044863732,197,3:17,79,No,D
trk_00168,Mera Parwaaz Ka Nasha,Vishal-Shekhar,Pop,0.864460628205009,0.7709713299197367,0.8113654085206831,123.42828351270676,0.2675666029888709,-4.556859070152672,0.4502267895126576,194,3:14,67,No,C
trk_00169,Mera Ishq Ke Geet,Shreya Ghoshal,Jazz,0.4683672421416917,0.4444552637886207,0.6892592244872812,97.31194092424478,0.4998260442028528,-9.851285763010674,0.0853051050369993,223,3:43,25,No,C
trk_00170,Woh Manzil Ki Chaahat,Nucleya,Classical,0.2578927819072221,0.2696361463012142,0.4519739156647733,93.8846641504829,1.0,-16.142928020717505,0.3494053337743661,195,3:15,75,No,G
trk_00171,Mera Tanha Ke Paar,Yuvan Shankar Raja,Pop,0.82167987979895,0.5393237908600504,0.7451586132437419,121.11215897951487,0.160648552197117,-5.198364581185074,0.0475313997734003,156,2:36,60,No,E
trk_00172,Yeh Roshni Waali Shaam,Jubin Nautiyal,Hip-Hop,0.8186734620177331,0.943633540570598,0.4714267476425535,95.46002747253274,0.0076308500004987,-4.240864732098833,0.2075110988010691,218,3:38,62,Yes,F
trk_00173,Woh Dil Ke Rastey,Papon,Rock,0.9381407528923572,0.5721135362545582,0.4400471079323531,141.55442801105497,0.1936158967357283,-3.798555254128311,0.2288721004779604,135,2:15,67,No,F
trk_00174,Yeh Roshni Ka Junoon,Anirudh Ravichander,Classical,0.2169879906033549,0.2788333018068823,0.3246719312698594,87.11961126077924,1.0,-19.73171298480262,0.4189062970344011,269,4:29,31,No,G
trk_00175,Yeh Ranjha Ki Kahani,Kavita Seth,Pop,0.658307245467007,0.7826624217565133,0.9078459149641698,125.02881798595122,0.2328579714066426,-3.7704075024634816,0.1834059762260873,194,3:14,15,No,A
trk_00176,Yeh Chaand Ki Baarish,Shaan,Classical,0.2780110261046584,0.1496778065587138,0.1832094433037333,91.95509150157456,0.8154354265827379,-17.441194691256364,0.2573592855894385,184,3:04,49,Yes,D
trk_00177,Woh Yaadein Ki Raahein,Anirudh Ravichander,Hip-Hop,0.7040598476156298,0.8756498927840157,0.4191290783924485,79.74722465483933,0.2152007946883008,-4.365867113264924,0.1092914446469919,245,4:05,64,No,E
trk_00178,Yeh Chaand Ke Rastey,King,R&B,0.4473630792334108,0.803000057271915,0.3842353489099142,106.2846855477232,0.2272492280314792,-5.614126891073225,0.3820267773544288,225,3:45,51,No,A
trk_00179,Tera Manzil Ke Geet,Sid Sriram,Pop,0.757857702971915,0.5371265905585187,0.7549801737746438,108.20278775283194,0.0577334077435403,-7.531016520666066,0.1004746869111375,192,3:12,53,No,D
trk_00180,Yeh Dooriyan Ki Dastak,Sunidhi Chauhan,Rock,0.8900481386506328,0.5131065186215849,0.5407067847128808,116.04706236400756,0.2160742038623369,-1.2892050345431725,0.0976528689821901,228,3:48,35,No,D
trk_00181,Tera Silsila Ka Junoon,Armaan Malik,Pop,0.9665056067806602,0.8690548594343597,0.7255088836758657,128.2698626331973,0.2384720339485847,-5.845921232087365,0.1448498970509284,155,2:35,33,Yes,B
trk_00182,Yeh Fanaa Ke Geet,Hariharan,R&B,0.4743676575371426,0.6972550191804191,0.644297329718361,93.17146984710476,0.2463310992504782,-9.246906160928466,0.3830072636791544,230,3:50,33,Yes,A
trk_00183,Mera Tanha Ki Dastak,Shaan,Country,0.8133537940031605,0.6031744883125659,0.6724114465817889,109.72663056076712,0.4603330070557998,-7.125070216657698,0.1309324885302809,166,2:46,80,Yes,E
trk_00184,Tera Nazar Ka Junoon,Sunidhi Chauhan,Rock,0.8265665088957936,0.5807444718008352,0.5147913380989546,113.5058027082258,0.1260672681718339,-2.1874782736396554,0.5040137564191562,253,4:13,61,No,B
trk_00185,Mera Dil Ke Geet,Raftaar,Classical,0.2388981126392845,0.3121254683103932,0.3719880641627325,89.59205510215038,0.8672706709075799,-16.027756904844495,0.288564945432122,215,3:35,74,No,B
trk_00186,Yeh Safar Ki Dastak,Sid Sriram,Electronic,0.7140972461131292,0.801354803997055,0.4002129095845262,140.20176962693373,0.0224894244149869,-5.137450447336473,0.4023904364851117,247,4:07,100,No,C
trk_00187,Mera Safar Waala Mausam,Ritviz,Jazz,0.4175286778933924,0.316327456112407,0.5005811957243612,111.31927966771956,0.5636361825005245,-11.327979916152554,0.2566238220374316,185,3:05,24,No,B
trk_00188,Tera Junoon Ka Rang,Jubin Nautiyal,Hip-Hop,0.79778155496862,0.5894353058159676,0.6384308411980311,108.86349397262843,0.0558255530413902,-9.904705631740947,0.2152512561338764,264,4:24,63,No,A
trk_00189,Tera Saathiya Waala Mausam,Prateek Kuhad,Rock,0.7238581008248599,0.5507341021892874,0.4378385547420095,130.11457753867236,0.1892373346476169,-4.998180899546345,0.6731435779290612,252,4:12,27,No,G
trk_00190,Woh Nazar Ka Safar,Vishal-Shekhar,Pop,0.5972704309572191,0.5797865600025298,0.6283091961828126,128.77901739453324,0.1056755765269772,-2.6012649732070785,0.4139869901971206,216,3:36,42,Yes,E
trk_00191,Tera Aasman Mein Tu,AP Dhillon,Country,0.3289957210709821,0.660407060928205,0.6688710124142359,105.06211355621788,0.3818759298286303,-8.242596182190473,0.1427701923580701,258,4:18,26,No,B
trk_00192,Woh Roshni Ki Baarish,Javed Ali,Country,0.6642699916235184,0.3767455975645646,0.5083659675412554,107.63546740578168,0.5555925628380267,-9.037317502789293,0.0741563818582503,252,4:12,37,No,A
trk_00193,Yeh Manzil Ke Rastey,Anirudh Ravichander,Classical,0.3114841397302973,0.4778655126538248,0.4788336534789135,98.2806607637238,0.8790283884905675,-12.337743486745795,0.2577867551779949,145,2:25,52,Yes,A
trk_00194,Woh Manzil Ka Nasha,Badshah,Rock,0.9493929757121652,0.4091793817711429,0.5577000550749609,124.39894047361813,0.0287025199914599,-4.092760125941025,0.2172162531465539,209,3:29,50,Yes,F
trk_00195,Tera Tanha Waala Mausam,Monali Thakur,Rock,0.8724339656778083,0.5904017554761314,0.5143021358951381,141.11983738573946,0.1256628580746147,-3.708922084591189,0.0869253154735278,181,3:01,28,No,A
trk_00196,Tera Bekhayali Waali Shaam,KK,Electronic,0.9920367502144262,0.5977104980444435,0.6085504499893071,113.06492374795904,0.0,-7.377190475124863,0.4981689331269683,247,4:07,62,No,B
trk_00197,Mera Zindagi Ki Baarish,Palak Muchhal,Country,0.7271388974389017,0.5991202938501001,0.7777379304330282,110.6236829161668,0.3548982086776138,-6.887867014951552,0.2306499907962606,147,2:27,28,No,C
trk_00198,Woh Fanaa Ke Rastey,Sunidhi Chauhan,Country,0.4693253619790511,0.3807318384489063,0.7171640566893707,106.87538784413962,0.4303501307810505,-8.050805242014308,0.2800430775477158,223,3:43,33,No,B
trk_00199,Tera Ranjha Waala Pal,Yuvan Shankar Raja,Electronic,0.8022203934542637,0.5739075061348342,0.5175328162903188,108.20570551148371,0.1532208903236852,-4.853842055507858,0.3307701250908743,214,3:34,51,No,C
trk_00200,Yeh Rangeen Waala Mausam,Palak Muchhal,Classical,0.2160877720729961,0.3370061115268955,0.3851520783880292,94.57805609925784,0.8602454379905617,-16.273853461569313,0.1302302401775365,219,3:39,54,No,G
trk_00201,Mera Parwaaz Ke Rastey,Sunidhi Chauhan,Pop,0.7908052846836756,0.8050797572273664,0.7533728569397913,109.74346317197858,0.1619490785816951,-4.453789555918008,0.5353262364559891,197,3:17,35,No,A
trk_00202,Tera Dooriyan Ka Nasha,Ritviz,Pop,0.6668118756576126,0.7390767569813456,0.568706164879839,125.55901216596352,0.2257889919567971,-6.056487785312797,0.1459948208870644,161,2:41,70,No,C
trk_00203,Mera Chaand Ki Dastak,Anirudh Ravichander,Country,0.5438446662064805,0.5457810299539465,0.7105654838780673,100.19042529583886,0.4377360505686644,-4.864056592345289,0.7181238624088763,183,3:03,2,No,G
trk_00204,Woh Rangeen Waale,Hariharan,Jazz,0.3567398893443234,0.3708851889449698,0.5876837949224405,99.88577928628904,0.5136430308186138,-12.803624302902064,0.2871274123671331,244,4:04,79,No,D
trk_00205,Woh Barsaat Ka Nasha,Vishal-Shekhar,Pop,0.7560136977968293,0.784758910256277,0.7226615628557096,101.25814301186097,0.120424235522313,-5.547647334110995,0.1923327639305389,205,3:25,37,No,G
trk_00206,Tera Chaand Ka Rang,Ritviz,Pop,0.7588914325813079,0.859189131415411,0.4087356090786082,109.29608366246345,0.1845163067195807,-3.682706804370248,0.2611324924331648,253,4:13,65,No,C
trk_00207,Mera Nazar Ki Dastak,Jubin Nautiyal,Classical,0.3613694237683678,0.1054931267136288,0.5357476109990816,89.3346784655811,0.9103147352998252,-17.417878987116215,0.0485892456704032,231,3:51,57,No,B
trk_00208,Yeh Sapno Ke Sang,Kavita Seth,Pop,0.6464377652524671,0.8607064236065135,0.6899221757432592,117.49290780134515,0.2192741294644081,-3.497797061698792,0.4802283470413325,237,3:57,33,No,C
trk_00209,Mera Ishq Waali Shaam,Prateek Kuhad,Pop,0.7406319938061635,0.6679108860494329,0.804392278293763,129.15166774089013,0.1659197211033546,-4.7508362840931735,0.2675417043977779,233,3:53,12,No,D
trk_00210,Yeh Dil Ki Baarish,Arijit Singh,Jazz,0.3759772133727551,0.5416051323118312,0.5001388580332371,116.47408878574802,0.6911127003259532,-10.834950364928742,0.3226154042825906,214,3:34,27,Yes,A
trk_00211,Woh Khwaab Waala Pal,Palak Muchhal,Classical,0.1601232775472601,0.0997050979327837,0.4316713784205864,106.91602165377414,0.8635115411887544,-14.55229961414143,0.5865302344726809,176,2:56,69,No,D
trk_00212,Woh Aasman Ki Roshni,Palak Muchhal,Classical,0.2407658637008147,0.1709211133849407,0.3235768495685671,94.19660244812066,0.8364850660716133,-20.16180529815159,0.2357096717590157,212,3:32,54,No,D
trk_00213,Woh Dil Ka Junoon,Armaan Malik,Rock,0.8161420019261045,0.6579940107943447,0.7470429058053935,135.53624285271985,0.081189893396071,-6.042208504199094,0.2462796879505879,201,3:21,31,No,A
trk_00214,Yeh Noor Ke Sang,Kavita Seth,Electronic,0.7617182810387032,0.7076271053725164,0.5522784367662474,114.1596944177744,0.018008075029509,-5.596057871128899,0.2408709589373804,169,2:49,59,Yes,C
trk_00215,Tera Dil Ka Rang,Papon,Rock,0.9219351449290836,0.5542298769305741,0.6065287937132143,130.18346433397895,0.1198249023611621,-2.0752895420528787,0.3236245385396341,228,3:48,87,No,C
trk_00216,Yeh Noor Ke Paar,Diljit Dosanjh,Rock,0.8572363510990797,0.5214543344956964,0.6365834835348629,129.07315914661962,0.1604095395178047,-0.2430749795926461,0.2917893281551774,130,2:10,39,No,G
trk_00217,Woh Dooriyan Ka Safar,Divine,Electronic,0.7617183015575146,0.5886625133524757,0.615704894393835,118.61367806358196,0.0860621002920614,-4.938560505266244,0.1798282581656268,218,3:38,21,No,C
trk_00218,Mera Ishq Ki Dastak,Shreya Ghoshal,Classical,0.1063457265955765,0.2420026400859175,0.3354790502567869,100.68520883386944,0.9138643759428636,-17.4344161863477,0.439724267152511,195,3:15,45,No,D
trk_00219,Tera Roshni Ka Ehsaas,Alka Yagnik,Country,0.5253757878051283,0.6095702250175515,0.8091163964570108,98.47191515830195,0.3804995413182458,-7.203890934783651,0.2290736771910147,202,3:22,16,No,E
trk_00220,Yeh Saathiya Ki Raahein,A.R. Rahman,Classical,0.2356884263036222,0.3787030836871614,0.435687382423733,88.98279974446955,0.8539294630033344,-20.349840670412497,0.3982268337597177,191,3:11,71,No,B
trk_00221,Woh Dooriyan Ka Nasha,A.R. Rahman,Jazz,0.5193644865573228,0.3944691944613953,0.5691577323289484,115.7140838771878,0.6627825267211351,-10.067717227076166,0.1459318428346766,191,3:11,88,No,F
trk_00222,Tera Noor Ki Raahein,Sonu Nigam,Pop,0.636453330418983,0.7987905445074186,0.7356500141789002,134.21226879726228,0.0976478483865188,-6.395996326940581,0.1409815454752228,179,2:59,0,No,F
trk_00223,Yeh Tanha Ki Kahani,Kavita Seth,Rock,0.7486194067360137,0.5847932173353264,0.4256906817985053,126.5344146430832,0.1602145852228846,-5.781198102607657,0.1965968659284664,263,4:23,63,No,F
trk_00224,Yeh Ranjha Waala Mausam,Ritviz,Rock,0.6639552000075692,0.5864243614734226,0.4814350897099268,129.96563547642464,0.1806403203434607,-4.824406876997251,0.0350305725834875,240,4:00,42,Yes,B
trk_00225,Yeh Dil Waala Pal,Jubin Nautiyal,Rock,0.822000669812552,0.3720969263780214,0.6118353185949361,119.65718189965376,0.2747277386704365,-3.144239187468226,0.2280009357381064,249,4:09,53,No,E
trk_00226,Woh Noor Waala Mausam,Ritviz,R&B,0.6398139720816636,0.5724577223155335,0.6577154012621302,91.31669434635388,0.2603309562516138,-8.264533004628024,0.1589164722641699,246,4:06,70,No,D
trk_00227,Tera Fanaa Ke Sang,Jubin Nautiyal,Hip-Hop,0.6165686925959428,0.8583442978498067,0.4815814361637239,74.40195012591678,0.0,-6.99446817013383,0.4011097221084352,191,3:11,76,No,A
trk_00228,Tera Ranjha Ka Ehsaas,KK,Country,0.5148374832139077,0.5795429811721782,0.4682090869555937,96.98933009600177,0.411235939074582,-6.233120082190639,0.1517704803892033,215,3:35,39,Yes,E
trk_00229,Woh Roshni Ka Rang,Diljit Dosanjh,Classical,0.1316224049181472,0.4256685805902101,0.3318370680048891,81.67639285703089,0.7776521343589313,-19.95395180138369,0.2938466916559753,199,3:19,39,No,D
trk_00230,Woh Noor Ka Safar,Javed Ali,Electronic,0.7973484751271043,0.7578070796001403,0.5469591801647515,139.20847906220706,0.0,-7.830786262077069,0.1874929991875991,202,3:22,33,No,E
trk_00231,Mera Noor Ke Paar,Kailash Kher,Hip-Hop,0.5764719505233725,0.6877846762119003,0.4668416437848263,86.83962104605729,0.097393326054937,-6.489935233628351,0.2215308705183247,184,3:04,92,No,B
trk_00232,Woh Ranjha Ki Chaahat,Raftaar,Jazz,0.4516946515748371,0.4278486737047876,0.5473239659538337,103.11114457424594,0.6163807105921427,-9.851182580779078,0.05813710548434,235,3:55,100,Yes,E
trk_00233,Woh Saathiya Ka Junoon,Yuvan Shankar Raja,Hip-Hop,0.8131151278286177,0.8102954416988912,0.6280062596065192,91.7808685886991,0.0580657989308461,-6.136392259235513,0.3182819109630522,231,3:51,32,No,A
trk_00234,Tera Junoon Ka Junoon,Divine,Pop,0.8263697715848047,0.8627374010445557,0.5902862427044029,112.24055188576271,0.1369418857415274,-2.570263092526027,0.5158161159886377,169,2:49,47,No,G
trk_00235,Mera Roshni Ka Rang,Papon,Electronic,0.7863065011390596,0.75914883731305,0.5295860364588617,135.94336079877928,0.0,-5.787839230614968,0.3193293375123254,202,3:22,23,No,D
trk_00236,Mera Zindagi Ka Rang,Ritviz,Rock,0.8341030460730119,0.4107145359122269,0.4000135022970091,133.63863168924354,0.1535897163806928,-3.697683997300868,0.2404385337737996,175,2:55,15,No,G
trk_00237,Woh Sapno Ki Roshni,Neha Kakkar,Pop,0.8483922681430733,0.7894071710113464,0.7353209425142079,134.6530904606009,0.047135789274838,-3.689342005926806,0.0934768030533189,225,3:45,45,No,D
trk_00238,Yeh Ranjha Ke Paar,Arijit Singh,Classical,0.2045205282622307,0.1960193468973115,0.3270824385551833,88.62689034211121,0.9766233291578325,-15.68859497289906,0.43911412045465,184,3:04,83,No,D
trk_00239,Yeh Zindagi Ke Sang,Vishal-Shekhar,Pop,0.7790741096951179,0.7139312530522541,0.8994492089217602,118.52775516297822,0.1620178683949498,-7.943660337270275,0.1675392418389448,194,3:14,84,No,A
trk_00240,Tera Chaand Ke Geet,Shankar Mahadevan,R&B,0.4734190019941289,0.676547820016869,0.2361568625325002,103.19635662243718,0.2300152080252603,-7.521804963261599,0.1985216208951233,145,2:25,52,No,G
trk_00241,Yeh Ishq Ke Sang,Shaan,R&B,0.4548730606861698,0.6196109884344214,0.4528469597832315,82.78949970477011,0.2377751106346112,-5.737628895222498,0.2145894572125946,163,2:43,48,No,D
trk_00242,Yeh Barsaat Ki Dastak,Diljit Dosanjh,Country,0.4527847601797339,0.6482319482755444,0.6382603025480068,93.92058329085005,0.2452977350338456,-4.098417208137205,0.1734976968188687,241,4:01,44,No,D
trk_00243,Woh Noor Mein Tu,Anirudh Ravichander,Rock,0.9177181686725048,0.5182529280397439,0.5513054509842678,133.61067084025916,0.0,-4.556912068921379,0.0493367275198045,182,3:02,52,Yes,B
trk_00244,Yeh Junoon Ki Baarish,Anuv Jain,Pop,0.932349146929944,0.7262099248230824,0.5246848894861178,111.5158642499716,0.2410244658158296,-5.8865197602906605,0.3358460348646789,231,3:51,52,No,E
trk_00245,Woh Noor Ka Junoon,Shreya Ghoshal,R&B,0.7356647436561955,0.6318234028906525,0.538935032522302,71.96137207437636,0.0586435036549581,-6.73283843632745,0.1772387161714415,275,4:35,58,No,C
trk_00246,Yeh Aasman Ki Kahani,Shaan,Hip-Hop,0.5429118542874087,0.9355572935710348,0.4266970832233921,100.04483256383016,0.0,-7.769189496761671,0.5202959713623272,146,2:26,67,No,C
trk_00247,Woh Roshni Ke Geet,KK,R&B,0.5525210867540082,0.525688177205713,0.5197153718444683,111.962231421528,0.2894389166811567,-8.086276629508195,0.4035932605761921,218,3:38,70,No,B
trk_00248,Mera Ranjha Ka Junoon,Jonita Gandhi,R&B,0.5408293975854874,0.591223048846146,0.6197158492304293,87.13205764261731,0.3107611909988886,-8.437637948387806,0.2147522815059338,171,2:51,68,No,A
trk_00249,Tera Safar Ki Baarish,Armaan Malik,Country,0.52273219684199,0.5743011857009701,0.6594551621849415,106.67362453511704,0.4717838050675585,-6.884898641925233,0.5414681601067624,207,3:27,2,Yes,D
trk_00250,Tera Fanaa Waale,Anuv Jain,Rock,1.0,0.4102433314999633,0.5100814218306073,140.67639376060458,0.1315526826179344,-4.257185237459701,0.1370363028565657,185,3:05,33,No,D
trk_00251,Yeh Ranjha Ke Geet,Dhvani Bhanushali,Hip-Hop,0.600744438623612,0.8934033759972336,0.5959272030344526,104.35674456385792,0.0803599639014819,-6.363943181700234,0.1614329633607163,179,2:59,77,No,C
trk_00252,Tera Manzil Ka Junoon,AP Dhillon,Country,0.572342364224679,0.5129885805106087,0.5831685430778046,98.39968043274172,0.2940412176671354,-5.937159527715033,0.3169057457714367,219,3:39,55,No,G
trk_00253,Yeh Sapno Ke Rastey,Alka Yagnik,Rock,0.8660884382991769,0.4077407333172471,0.2616188088889578,145.9961876005193,0.0,-6.947436938000408,0.4969699540914936,272,4:32,57,No,B
trk_00254,Tera Manzil Ke Paar,Badshah,Pop,0.5691414042825097,0.704924789083485,0.6460262075287666,119.5332866213718,0.3053751690155016,-7.905192933098359,0.4096040445658341,158,2:38,68,No,F
trk_00255,Mera Sapno Ki Baarish,Pritam,Jazz,0.3468346175332505,0.4429283524219917,0.7413568769459578,109.97279804890888,0.6646365239327553,-11.926184454075091,0.4365446699998569,144,2:24,49,No,E
trk_00256,Woh Manzil Waala Mausam,Kailash Kher,R&B,0.5218994685969932,0.6601933502475225,0.4574531565563587,116.31440405426515,0.4150597603481526,-7.551417387768435,0.351746175085342,237,3:57,76,No,G
trk_00257,Tera Roshni Ki Dastak,Anirudh Ravichander,Classical,0.2210772321846286,0.1531132435134007,0.5402612268883262,85.87615605199667,0.8962311907495174,-15.279924597992498,0.3282040976041033,167,2:47,59,No,A
trk_00258,Woh Aasman Mein Tu,Badshah,Jazz,0.531654617218469,0.5263334150933876,0.6113591972994826,123.3038168565806,0.7056849390682773,-10.471564333750573,0.1498046502142067,240,4:00,71,No,D
trk_00259,Mera Ranjha Ke Paar,Jubin Nautiyal,Pop,0.7043613538662524,0.7384305793891464,0.8367535528688133,111.0568118956117,0.0276133673437383,-5.300896722396398,0.2899178571171567,235,3:55,43,No,B
trk_00260,Tera Noor Ki Baarish,Raftaar,Jazz,0.385206069809241,0.4602484642158208,0.4920606891031698,92.18841585534366,0.4215625584700432,-10.659973627258104,0.2183100267251806,157,2:37,43,No,A
trk_00261,Mera Rangeen Ke Paar,KK,R&B,0.6000143033113884,0.7519924506773108,0.3380016744182007,114.6421244099922,0.2761411582129207,-7.309524920179491,0.467045334052856,238,3:58,45,No,B
trk_00262,Mera Aasman Ke Paar,Papon,Pop,0.7786792897544197,0.6534580490284447,0.6680643518429599,108.1206739209408,0.1551498056697784,-7.6706857280097696,0.3213798334750021,227,3:47,60,No,D
trk_00263,Woh Zindagi Ki Roshni,Sunidhi Chauhan,Hip-Hop,0.779114671151253,0.6880726684752508,0.6176730025840109,84.03598635494889,0.167566065636346,-5.058442863777442,0.7460742194481015,216,3:36,17,No,D
trk_00264,Woh Mausam Waali Shaam,Kailash Kher,Country,0.6442002916936566,0.6137719497181917,0.7039880275291271,113.98617839598649,0.2405309526356782,-6.700772050835631,0.3818293502742559,220,3:40,39,No,D
trk_00265,Mera Roshni Mein Tu,Prateek Kuhad,Electronic,0.73461200863479,0.6739167660203237,0.5551884365980583,126.03880616680406,0.1797739935095882,-7.854780504520008,0.2850040515298435,269,4:29,39,No,D
trk_00266,Woh Manzil Ka Junoon,Badshah,Classical,0.064058667405374,0.196928706873388,0.2747662707837236,98.68509867119504,0.7435444074143204,-15.528575867390446,0.185101603841047,219,3:39,49,No,F
trk_00267,Yeh Khwaab Ke Paar,Prateek Kuhad,Electronic,0.8489083878150743,0.6272078700548352,0.5291190525738177,120.26660160784054,0.0278808195530597,-3.962125695573258,0.18627516968037,179,2:59,76,No,G
trk_00268,Tera Roshni Ka Safar,Jonita Gandhi,Rock,0.723878814814769,0.6033890789068391,0.7260485962051979,137.72617642707743,0.0911571522393854,-2.173452783712877,0.2569395355076721,179,2:59,28,No,E
trk_00269,Yeh Nazar Ke Geet,Shaan,Rock,0.9294301131977006,0.5284491785894517,0.588444227715129,121.88300338867022,0.0,-5.328236329881772,0.2335972682342343,163,2:43,42,Yes,D
trk_00270,Mera Bekhayali Ki Kahani,Ritviz,Electronic,0.8612232686791106,0.5864947904573103,0.4691798580949239,132.47325611462225,0.1335649020628296,-6.584575335290106,0.0344601557126106,216,3:36,46,No,F
trk_00271,Tera Saathiya Mein Tu,King,Electronic,0.7250223155715895,0.729779831340271,0.5819179729653204,120.92852257227838,0.0355861154771936,-5.7595253568195055,0.5974192739394009,232,3:52,45,No,F
trk_00272,Tera Yaadein Ka Rang,Pritam,Country,0.4687548549759116,0.6035168309274744,0.6830452985366517,117.6274248314764,0.4201431643643162,-8.02554667788108,0.4676770189655448,209,3:29,50,Yes,A
trk_00273,Woh Ranjha Waala Mausam,Neha Kakkar,Country,0.7151449830275244,0.549188679838825,0.6689707070387821,102.22455743684448,0.4533019071212703,-6.3673298886236935,0.2962490011023478,158,2:38,28,Yes,A
trk_00274,Woh Rangeen Ki Raahein,Mohit Chauhan,Hip-Hop,0.6746323922457619,0.7610134376206532,0.2928174785763883,84.72402248587571,0.0411284140699694,-4.657441229041865,0.2520664111333887,180,3:00,56,No,E
trk_00275,Tera Silsila Ke Paar,Shaan,Hip-Hop,0.7140293410680296,0.7760407675346291,0.5010516181862441,111.54754358850542,0.0330661780555832,-3.498926485592075,0.1784157572893881,254,4:14,62,No,D
trk_00276,Mera Tanha Ke Sang,Jubin Nautiyal,Electronic,0.6684114257673761,0.780011895079661,0.5525741997859139,120.02474298365544,0.2058595460107821,-8.170398104704287,0.5107339086963607,111,1:51,84,No,F
trk_00277,Yeh Dil Ke Rastey,Diljit Dosanjh,Classical,0.2109268085591811,0.3689003144041407,0.3377738071346686,79.2399434986109,0.6595004457512256,-15.726226005127966,0.496403877556867,205,3:25,23,No,C
trk_00278,Yeh Rangeen Ki Roshni,Divine,Electronic,0.7828761043544952,0.8367931662953907,0.5874189331081484,123.05207549227472,0.0,-4.007130792867811,0.1891147372669898,188,3:08,59,Yes,G
trk_00279,Mera Aasman Waala Pal,Kailash Kher,Electronic,0.797982334829873,0.7221692055526284,0.4864346415170618,125.31472755142477,0.0220107328803365,-5.730557100817494,0.2938615139130545,182,3:02,44,No,E
trk_00280,Mera Junoon Waali Shaam,Shreya Ghoshal,Country,0.5226505699469268,0.6563943446228064,0.6873795282426135,96.1433773834377,0.3700885279201216,-5.785422602368232,0.2451964185571072,218,3:38,38,No,D
trk_00281,Mera Manzil Ki Roshni,Neha Kakkar,Rock,0.8990079628251495,0.5547655771919192,0.6179567846480305,122.44886263672288,0.0629408690461972,-2.8461315406600374,0.4178388245196578,211,3:31,44,No,B
trk_00282,Yeh Rangeen Waala Pal,King,Rock,0.6466999264329952,0.7112349709485754,0.4552138828999696,127.98094367011242,0.1027893506223316,-1.004724671966723,0.1472487107060884,215,3:35,47,No,C
trk_00283,Woh Barsaat Ki Chaahat,Palak Muchhal,Pop,0.6709118208305435,0.7534008096228146,0.5361973845488037,125.01494781924714,0.1915096944352097,-4.256292468458644,0.228910360532614,215,3:35,28,No,D
trk_00284,Woh Sapno Ka Safar,Nucleya,Jazz,0.3872321927694406,0.4580250989711774,0.4385828763549337,108.77565187196586,0.6024643757992348,-11.192523013605316,0.1601933312620787,235,3:55,62,No,F
trk_00285,Tera Zindagi Ka Nasha,A.R. Rahman,Pop,0.6491257954603431,0.7371701005526802,0.8385219489718607,116.4725543218748,0.0884511161017574,-4.777120656375409,0.4012348975470821,297,4:57,67,No,G
trk_00286,Woh Zindagi Ka Safar,Kailash Kher,Hip-Hop,0.8208682010835302,0.7966235218602347,0.4593043674886521,106.66784993203208,0.0718940067016083,-9.138799808623734,0.063342843153332,184,3:04,43,No,G
trk_00287,Mera Manzil Ke Geet,Badshah,Jazz,0.311549692693998,0.3979405822319547,0.3229715318495652,106.14315335949468,0.5958504908984078,-11.204496263698529,0.3887502565730049,207,3:27,57,No,C
trk_00288,Mera Aasman Mein Tu,Sonu Nigam,Rock,1.0,0.4742448428854696,0.6294700222834887,118.69694302145555,0.0954447633020165,-4.504507530451769,0.1094260570019258,198,3:18,58,No,A
trk_00289,Yeh Parwaaz Waale,Hariharan,Jazz,0.4627606297561831,0.4220492536703467,0.5310033426388404,108.1614610684079,0.5323461516404709,-11.021148448860009,0.2335832489837314,242,4:02,28,No,F
trk_00290,Woh Noor Waale,Mohit Chauhan,Pop,0.8087855888137735,0.8119738784702869,0.4706419730004995,118.9297924652941,0.1125203109311747,-6.138147886903063,0.5466060530425241,234,3:54,47,No,D
trk_00291,Tera Bekhayali Ka Rang,Badshah,Pop,0.788280119830135,0.7477181239269651,0.6349977277245182,121.40867845125828,0.1221453943229903,-4.668972582305238,0.2866997119713194,176,2:56,60,No,F
trk_00292,Tera Rangeen Ka Ehsaas,Badshah,Electronic,0.7322809762346706,0.7615550741474231,0.5668772821733317,128.68718527304668,0.0,-7.243374651009308,0.1207818128678596,191,3:11,53,No,D
trk_00293,Mera Saathiya Ka Junoon,Sonu Nigam,Rock,1.0,0.6137539013150635,0.4956270892749895,123.0660925029011,0.1694930433884572,-6.525017041859249,0.2365001512773492,230,3:50,62,No,A
trk_00294,Yeh Yaadein Ka Safar,Anirudh Ravichander,Pop,0.7945104254832707,0.6701079344081236,0.8447342121729139,124.0917523344024,0.1637207638555874,-4.413589102578621,0.2478524945140829,217,3:37,41,No,D
trk_00295,Woh Saathiya Ka Ehsaas,Badshah,Hip-Hop,0.6306689254410831,0.8254341509298521,0.3784364586052595,78.12776250064299,0.0795916339547788,-6.986120690566326,0.3211233806446609,195,3:15,57,No,B
trk_00296,Tera Manzil Ka Nasha,A.R. Rahman,Electronic,0.8380952835693414,0.6755052369537831,0.4918205871727013,132.0337317294732,0.0,-6.411768449323387,0.1238604703826546,257,4:17,12,No,E
trk_00297,Yeh Silsila Ke Rastey,Hariharan,Pop,0.7825169130051951,0.741994225146591,0.648362098642546,107.94354013608051,0.0029109778803443,-7.031568394931591,0.0880929249860829,117,1:57,50,Yes,G
trk_00298,Yeh Saathiya Waali Shaam,Pritam,Classical,0.2051457163472138,0.3238554953773739,0.2451326293664537,88.56741084635807,0.9877237694584204,-19.28688077674792,0.3757743980748274,210,3:30,74,No,E
trk_00299,Mera Saathiya Waale,AP Dhillon,Pop,0.8697792522142378,0.8744714576818409,0.8482351017820509,116.26064928379571,0.2618824219765731,-2.6047253080912363,0.1939217622846824,204,3:24,37,No,G
trk_00300,Woh Manzil Ka Safar,Guru Randhawa,Pop,0.7979441691743269,0.7430246570771202,0.5638863456224519,116.48266241579492,0.1918431706370846,-5.192040301974857,0.4308116984022526,218,3:38,41,No,E
trk_00301,Mera Noor Ka Rang,Atif Aslam,Hip-Hop,0.7047621019962496,0.7826378054715357,0.5282335987889393,82.93596749281954,0.0535321497140942,-5.9960082628101725,0.6665904900395433,272,4:32,47,No,C
trk_00302,Woh Zindagi Ke Paar,Sid Sriram,Jazz,0.216182050059554,0.5114076223049092,0.5799914831515828,104.38516975233976,0.5256688967219345,-8.931916659949898,0.3193201275731948,250,4:10,26,No,C
trk_00303,Woh Safar Ka Nasha,Pritam,Classical,0.2812650991207323,0.4782454216557315,0.2043331357303235,90.55262595879016,0.8434476176689922,-15.21774621164522,0.3870979116187599,257,4:17,75,No,F
trk_00304,Yeh Zindagi Ki Roshni,Raftaar,Electronic,0.7759861085975689,0.822971289553516,0.4715578258392255,135.13850143408166,0.0269916212655357,-3.7635947591974057,0.3603450989468317,227,3:47,42,No,D
trk_00305,Mera Ranjha Ka Safar,Prateek Kuhad,R&B,0.413664374211975,0.7525878220553713,0.5625457494031224,101.8664747556149,0.1927477038957409,-7.991425870860663,0.231705708115007,220,3:40,90,No,G
trk_00306,Tera Junoon Ke Rastey,Hariharan,Hip-Hop,0.8043061377294812,0.9362401935438408,0.5371962393181646,100.21845109612116,0.1004414205313099,-5.993488702425716,0.4372774741560418,238,3:58,77,Yes,F
trk_00307,Woh Dooriyan Ka Ehsaas,Anirudh Ravichander,Rock,0.7835795656053768,0.3093727677999294,0.6015013743849998,136.3163755895158,0.0822692090743356,-3.571169549114812,0.1655127729476195,243,4:03,42,No,C
trk_00308,Mera Dooriyan Ke Geet,Dhvani Bhanushali,Electronic,0.6097930351453561,0.5950110688760957,0.6171539532138466,128.26711686340568,0.0745151067404134,-5.995185198354753,0.168594194501486,183,3:03,67,No,A
trk_00309,Yeh Silsila Ke Paar,Hariharan,Rock,1.0,0.5085388610134959,0.7590851301643047,148.5448844032858,0.0,-3.667760039300751,0.3185666855030304,184,3:04,49,No,D
trk_00310,Tera Sapno Ki Chaahat,Sunidhi Chauhan,Hip-Hop,0.9532387600238345,0.7979103723395262,0.51518173454836,92.4978972723586,0.1390170304042995,-7.610875812968666,0.555728651709529,179,2:59,64,No,A
trk_00311,Tera Barsaat Ki Baarish,Monali Thakur,Pop,0.815669425966443,0.886586533518599,0.8956881945563647,120.6183898640638,0.213752435310155,-2.905487760258608,0.2371691371696938,208,3:28,14,No,C
trk_00312,Tera Chaand Waala Mausam,Nucleya,Pop,0.7670598794462857,0.7140390295782217,0.6294693337000413,104.1784403072453,0.2267485887603598,-5.207034913174649,0.1315029523206374,217,3:37,50,No,C
trk_00313,Tera Ranjha Ke Geet,Nucleya,R&B,0.4223144223558919,0.7748508543263531,0.2950104607541681,94.61536574611442,0.2992456737196356,-8.329765555668773,0.3460322048527961,223,3:43,69,No,B
trk_00314,Woh Manzil Ki Roshni,Divine,Electronic,0.9692398002388112,0.7464565262534361,0.5396274930694305,148.63232839085535,0.0570964991235805,-5.652705144295684,0.2610135499503647,243,4:03,42,No,E
trk_00315,Yeh Bekhayali Ki Roshni,Vishal-Shekhar,Classical,0.1402227182015817,0.2317160538148432,0.3131704091631885,89.99477476331973,0.9668916524564614,-13.819428854680792,0.2332875581257951,170,2:50,65,No,E
trk_00316,Yeh Silsila Ka Ehsaas,Kavita Seth,Hip-Hop,0.6822188015536611,0.6005165539399026,0.3765770017184993,86.24492154352838,0.1303014863272569,-6.536056644624894,0.3645951625952833,227,3:47,40,Yes,A
trk_00317,Woh Ranjha Ka Junoon,King,Pop,0.8726156367551455,0.6713068449796115,0.4663313170394683,138.33780815743162,0.1853997343654344,-6.603690146627192,0.2935198356802219,233,3:53,55,No,D
trk_00318,Woh Noor Ki Dastak,Kailash Kher,Pop,0.5574541781663106,0.6751067306739562,0.5825604600092599,128.06257773002892,0.0908725907457222,-6.928933088435672,0.4555026363121727,238,3:58,45,Yes,F
trk_00319,Yeh Noor Ke Geet,Sid Sriram,Rock,0.8378871874055817,0.5907487586221472,0.6295444516125557,128.75599489450937,0.1082847953791539,-6.219772720656958,0.0649706870579419,188,3:08,61,Yes,C
trk_00320,Tera Fanaa Waala Mausam,King,Jazz,0.3155671551210496,0.5142372591641569,0.5536897099704999,86.70558348877424,0.5540494039629649,-10.497742707463068,0.5338698052126102,226,3:46,40,No,D
trk_00321,Tera Aasman Waale,Dhvani Bhanushali,Electronic,0.9294185349662288,0.6947961263413712,0.69071952633323,126.86764205578989,0.2286555077320948,-7.331088585161289,0.3281114716908255,266,4:26,66,Yes,E
trk_00322,Mera Sapno Waala Pal,Divine,Classical,0.339841867162715,0.2051398094814162,0.2381257918833089,86.91530666790095,0.7372847506489203,-18.072077311828373,0.7292585584253527,214,3:34,45,No,C
trk_00323,Mera Ishq Ke Rastey,Shaan,Rock,0.9752540731029232,0.4220980578480014,0.5826905675984332,132.17465089821297,0.1952868683818781,-5.227907539990119,0.495149485061514,163,2:43,64,No,A
trk_00324,Mera Fanaa Ki Roshni,Arijit Singh,R&B,0.601467155438823,0.6423162320503439,0.6335813951960849,79.06892439399878,0.2987863262130794,-11.11944992337056,0.5001149631543067,239,3:59,74,No,D
trk_00325,Woh Safar Waala Pal,Shreya Ghoshal,Electronic,0.9091149092535504,0.6909262780195519,0.5221352400758779,134.318276221453,0.0,-7.106996924919185,0.5367988856981797,227,3:47,33,No,G
trk_00326,Mera Ranjha Mein Tu,Raftaar,Jazz,0.3727589983396313,0.5733724278336193,0.453388578276339,111.88475761018104,0.5474648523498069,-11.390463561907156,0.0825567078309431,218,3:38,26,No,D
trk_00327,Yeh Yaadein Ki Raahein,Vishal-Shekhar,Jazz,0.4175174949309003,0.3534723660400443,0.5414099834077004,121.31578451539524,0.4712383213535216,-12.04596372604854,0.0404610195674492,253,4:13,46,No,B
trk_00328,Woh Ishq Waala Pal,Rahat Fateh Ali Khan,Hip-Hop,0.5994479985484702,0.7023753548545465,0.4643531350552708,91.99127954608475,0.1529465422810696,-7.003314051664519,0.3623025768812838,222,3:42,68,Yes,E
trk_00329,Woh Zindagi Mein Tu,AP Dhillon,Rock,0.9299806292820156,0.3300581054902317,0.523549968700215,117.20803055105704,0.273048075414449,-2.283174481383428,0.3104923441705622,217,3:37,71,No,D
trk_00330,Tera Chaand Ka Junoon,Alka Yagnik,Rock,0.6867985114973583,0.4095052167061934,0.3331550326081821,125.25154699330209,0.0962991026186926,-3.82884776166022,0.3731620064453996,203,3:23,20,No,B
trk_00331,Yeh Tanha Waala Mausam,Guru Randhawa,Electronic,0.7511113880956309,0.8788940328444083,0.4509304159740924,114.7441288596803,0.0,-6.101807072549223,0.2617553518247667,231,3:51,38,Yes,D
trk_00332,Mera Aasman Ke Sang,Raftaar,Pop,0.6591230329192026,0.9184524834603452,0.8010756792416682,118.23195978557376,0.25808126019896,-7.268793447948314,0.2565863199801682,214,3:34,52,Yes,B
trk_00333,Mera Parwaaz Waala Mausam,Sid Sriram,Pop,0.6088943168933918,0.8303154742614022,0.7287553021886797,125.33054281466,0.0,-4.532763711803315,0.1258012714162712,180,3:00,50,No,A
trk_00334,Yeh Noor Ki Roshni,Monali Thakur,Pop,0.7294715980503749,0.8618549944255326,0.6368161975484747,112.76424011593416,0.0888650570689722,-3.6857391024603863,0.1277417962707742,190,3:10,26,Yes,D
trk_00335,Yeh Zindagi Waala Pal,Badshah,Pop,0.8425975100714617,0.7408924139646973,0.6786884806289513,124.55892137787583,0.227112554726069,-5.030148127654478,0.323821357478851,214,3:34,43,No,B
trk_00336,Yeh Safar Ka Nasha,Mohit Chauhan,Country,0.6187932972051429,0.4887016728729311,0.643155059977647,116.8398744319689,0.3773460171163973,-7.090056312532846,0.2265465936658339,236,3:56,45,No,B
trk_00337,Woh Mausam Ka Nasha,Shankar Mahadevan,Electronic,0.8319965191145163,0.579305659948683,0.5469781287311011,127.10886382828416,0.1863673674637901,-7.662168687388304,0.2805110424694969,174,2:54,45,No,G
trk_00338,Woh Tanha Ki Baarish,Prateek Kuhad,Hip-Hop,0.8090183471020447,0.7251903935378353,0.2639209922928807,94.78755220723758,0.1034830023974912,-5.625873468472437,0.2056788360416841,197,3:17,39,No,D
trk_00339,Woh Ranjha Ki Baarish,Guru Randhawa,Pop,0.488084779494666,0.620947727270871,0.7743626705934534,96.69162002644124,0.2447344813093772,-3.445764108292244,0.2205080051130312,162,2:42,69,Yes,A
trk_00340,Yeh Saathiya Ka Junoon,Shankar Mahadevan,Hip-Hop,0.8407230011383635,0.6791409475757658,0.330649399379636,93.6320309524266,0.029902032349084,-5.782576139691812,0.7429046885349224,228,3:48,62,Yes,D
trk_00341,Yeh Manzil Ke Paar,Mohit Chauhan,Hip-Hop,0.7735341154197796,0.8061908104029998,0.5354672722144095,97.89022050605404,0.0295773759376442,-8.637082787155796,0.1076402487568155,182,3:02,34,Yes,A
trk_00342,Mera Safar Mein Tu,Jonita Gandhi,Pop,0.9299251045686197,0.8358894796659873,0.6697508840908032,124.72034945655442,0.1163785115527279,-4.833914848720255,0.3761671347995552,231,3:51,4,Yes,F
trk_00343,Yeh Chaand Ka Safar,Shankar Mahadevan,Hip-Hop,0.6331864069968389,0.7218727500305606,0.4254634293425122,103.62402288758896,0.0815364774402953,-8.084444506283319,0.1703664109828984,222,3:42,82,No,B
trk_00344,Mera Ranjha Waala Mausam,Rahat Fateh Ali Khan,Hip-Hop,0.6209924046401726,0.9612996717249656,0.5212335421872518,91.77818628951442,0.1406542646681011,-8.009986604362329,0.447632175346306,231,3:51,19,No,C
trk_00345,Mera Chaand Ka Safar,Pritam,Jazz,0.5030299213618529,0.5180411063937482,0.50290275548591,113.1794775732338,0.7005255281381585,-11.29998272513384,0.4391143316533461,206,3:26,69,No,D
trk_00346,Tera Dooriyan Waale,Pritam,Classical,0.2531491562261996,0.3690073676336612,0.530525251138944,96.91618575121387,0.9218494747434915,-17.49731838776711,0.3155577470649285,176,2:56,10,No,B
trk_00347,Woh Safar Ka Junoon,Sid Sriram,Pop,0.7797039470879875,0.6225614865531083,0.800842818872266,138.3615618635884,0.0828368610319464,-3.174546705978019,0.1226247355300029,157,2:37,68,Yes,F
trk_00348,Woh Khwaab Ka Junoon,Rahat Fateh Ali Khan,Rock,0.8724417207944116,0.5501791167777641,0.5092185949786762,119.155071813393,0.1928278544773579,-3.5203150081659507,0.061171918737023,227,3:47,43,No,A
trk_00349,Mera Zindagi Ki Dastak,King,Classical,0.2331013501845158,0.3768648087968198,0.4092115540396866,76.15576845641564,0.9147039498394745,-16.62158468794785,0.3777455305979207,202,3:22,69,No,A
trk_00350,Yeh Saathiya Ke Sang,Kailash Kher,Hip-Hop,0.6679614940563205,0.6220601069492779,0.387203860501992,99.76651040800556,0.2172726104906155,-6.146288075618435,0.2319654477352533,184,3:04,67,No,E
trk_00351,Mera Khwaab Ki Chaahat,Divine,Country,0.4717401402581411,0.6207032359610786,0.900165550547722,94.92088304571794,0.3228192793881981,-6.652588788747862,0.4491386458232557,237,3:57,15,No,D
trk_00352,Yeh Rangeen Ka Nasha,Kailash Kher,Classical,0.3947796418457866,0.3938640022678945,0.3788665079248165,90.8298741881251,0.8895259355899099,-14.307640325096743,0.1977535379473016,258,4:18,36,Yes,D
trk_00353,Tera Nazar Ke Sang,Yuvan Shankar Raja,Pop,0.6907814038036187,0.955849195482289,0.5031238671657856,108.43230668295432,0.1375705812647741,-7.976065854782094,0.0388180799930197,222,3:42,46,Yes,D
trk_00354,Yeh Noor Waala Mausam,Arijit Singh,Pop,0.7951088212505566,0.7033254189424953,0.5698907495665948,119.22732161638272,0.1380842164080223,-4.237013293580239,0.3973648285597444,190,3:10,35,No,B
trk_00355,Yeh Junoon Ke Paar,Dhvani Bhanushali,Classical,0.1231863195024687,0.2831740865512458,0.4082045879161191,72.53533274420967,0.9265318133700612,-17.570736353035397,0.4587906318308232,196,3:16,35,No,G
trk_00356,Tera Sapno Ki Raahein,Rahat Fateh Ali Khan,Pop,0.9724886380996456,0.8985588608007781,0.7914931593797934,98.58419506162949,0.1984815311083985,-5.504955624293082,0.1504623271671771,267,4:27,66,No,A
trk_00357,Woh Dooriyan Waala Mausam,Anirudh Ravichander,Jazz,0.6762525240789585,0.2946387570424595,0.4892758354637072,100.5697480765769,0.6983494651487887,-11.330825535467808,0.237548199791574,245,4:05,39,No,A
trk_00358,Tera Manzil Ki Raahein,Hariharan,R&B,0.5179899523649917,0.4394930450089791,0.3358311069761613,78.93525443886098,0.2581400840617311,-7.499886481410931,0.2909431640838608,217,3:37,43,No,A
trk_00359,Mera Ishq Waala Mausam,Pritam,Jazz,0.275425754976633,0.5022510070210512,0.9207867529223662,112.80205541050196,0.6092354108931421,-11.08360090984042,0.2684200040970019,166,2:46,49,No,C
trk_00360,Tera Dooriyan Ki Kahani,Shaan,Hip-Hop,0.473050213550259,0.77906833833785,0.3916773687413513,98.39177579135485,0.0,-6.768475965688642,0.4923526943815524,143,2:23,55,No,A
trk_00361,Mera Ranjha Waale,Vishal-Shekhar,Classical,0.1770130413537407,0.4974396744480029,0.2130312716975784,118.33495611894271,0.8687490775398918,-15.724830135672796,0.2294141312025771,161,2:41,57,No,G
trk_00362,Yeh Manzil Ka Junoon,Palak Muchhal,Hip-Hop,0.481550726494819,0.8273528771141764,0.601897112711863,82.2548089269263,0.1342994081374995,-5.922921884063518,0.6062248412474447,198,3:18,16,No,E
trk_00363,Yeh Nazar Ka Nasha,Anirudh Ravichander,Jazz,0.3715163062257799,0.4393805909960246,0.9217959320885508,107.41824861968566,0.640809948900006,-11.97404722942082,0.3325062048861093,251,4:11,52,No,A
trk_00364,Tera Barsaat Ki Chaahat,KK,R&B,0.8203027564405084,0.6569338333360293,0.632386108646439,104.419424019526,0.267517113268478,-9.262732447802229,0.0133381255946905,166,2:46,44,No,B
trk_00365,Tera Mausam Ka Rang,Shreya Ghoshal,Hip-Hop,0.5885177812647585,0.9196910948761352,0.4283726258321634,78.25530539546754,0.0712781264029229,-5.94843703646031,0.1854201077333225,171,2:51,66,Yes,B
trk_00366,Tera Roshni Waali Shaam,Nucleya,R&B,0.3595325306534537,0.8244412195055089,0.3526784042652731,84.08721990630295,0.2786675608860802,-9.79483689292503,0.214205199251442,312,5:12,30,No,G
trk_00367,Woh Junoon Ke Paar,Javed Ali,Country,0.4609622941739922,0.6127611212592451,0.5411830728767769,120.72306256185776,0.2779223985258995,-10.692969558834877,0.1694658835162743,167,2:47,69,No,G
trk_00368,Woh Silsila Ki Roshni,Hariharan,Pop,0.788104633390021,0.7852841834137894,0.8365280359080878,118.64503556917798,0.158564822956684,-4.759800445182224,0.537995035570275,226,3:46,62,Yes,G
trk_00369,Tera Parwaaz Ke Sang,Hariharan,Pop,0.509633139889947,0.8892455941483067,0.7806752089648482,102.99523450836998,0.0316978300922971,-2.4916011438537087,0.2227239082189129,202,3:22,64,No,G
trk_00370,Woh Barsaat Ke Geet,Anuv Jain,Pop,0.7950962634776477,0.8506730071227064,0.511461717865854,128.81514086299742,0.1530033473189457,-3.362291991388032,0.597347744383098,205,3:25,71,No,D
trk_00371,Yeh Dil Mein Tu,Yuvan Shankar Raja,Pop,0.772218673690217,0.7069961994572362,0.7627381045592251,114.53438962293131,0.1843290772103289,-3.805928638871373,0.2507458533607711,249,4:09,50,No,B
trk_00372,Tera Khwaab Ka Safar,Armaan Malik,Pop,0.7663066343885577,0.6437492424489699,0.6861164220501198,124.07565627121376,0.2296527209142961,-7.422547808191819,0.403187047592366,236,3:56,36,Yes,E
trk_00373,Tera Tanha Ka Junoon,A.R. Rahman,Classical,0.5391702989956768,0.3278358166445362,0.2992622090472652,103.22167146221126,1.0,-13.312493934214698,0.488273116278742,200,3:20,41,No,G
trk_00374,Tera Noor Waali Shaam,Dhvani Bhanushali,Pop,0.7992562177858753,0.7041339032824333,0.6365755089258761,126.42175565148868,0.1760213221150579,-4.326991302211776,0.552714392401913,179,2:59,54,No,F
trk_00375,Tera Parwaaz Ka Rang,Atif Aslam,Rock,0.6831997293508636,0.5209176650773394,0.6070332245465757,147.60743953398114,0.1327001079096234,-6.223038358022683,0.0490160528305587,245,4:05,40,No,F
trk_00376,Mera Manzil Ka Junoon,Mohit Chauhan,Country,0.6973812333665881,0.6372063706933276,0.5632777560078384,88.39609533105359,0.5344131087003313,-7.315311552989719,0.093712212475526,207,3:27,87,No,D
trk_00377,Woh Barsaat Ka Junoon,Kavita Seth,Pop,0.7998604818487229,0.8253735637178449,0.8126468339485791,105.76861185590576,0.1745560600090021,-6.855498352043094,0.1763241773364238,158,2:38,72,No,E
trk_00378,Woh Ishq Waale,Pritam,Electronic,0.7902047254014826,0.8430170587997066,0.6134906945937857,122.259815826429,0.0,-5.590442837750629,0.0894500884175601,200,3:20,28,Yes,E
trk_00379,Tera Sapno Ka Safar,Jonita Gandhi,Rock,0.853437176103026,0.4422456468400667,0.663408792144291,129.36749609937632,0.0049199334340372,-4.895554810639008,0.2551326146616219,247,4:07,64,Yes,E
trk_00380,Mera Zindagi Ki Raahein,Mohit Chauhan,Pop,0.880653958430255,0.7790209118421306,0.6375283701043728,123.1688848539558,0.1761063378753265,-5.862310537769052,0.3126187457835441,173,2:53,26,No,E
trk_00381,Tera Sapno Ki Baarish,Raftaar,Classical,0.3260976774091826,0.3513303910561889,0.5750422771855291,85.3280653572457,0.8580571144458234,-17.439721008467565,0.3754253515902929,219,3:39,47,Yes,F
trk_00382,Mera Dil Ke Rastey,Palak Muchhal,Classical,0.4141031834100027,0.3380259426075923,0.1871561340305653,89.94102900669891,0.9325376159721692,-17.669398112384574,0.2084628730491267,217,3:37,69,Yes,E
trk_00383,Tera Barsaat Ka Junoon,A.R. Rahman,Country,0.5213566481494282,0.5983853402964123,0.5828592481345767,107.955004831135,0.3550801171737165,-7.735621691122631,0.3458094864742463,198,3:18,49,Yes,G
trk_00384,Mera Aasman Ke Geet,Ritviz,Electronic,0.6301730327592965,0.6716172255643927,0.5251167002021253,127.1489070783536,0.0852559041222596,-7.203277004704328,0.4318041458566274,236,3:56,52,Yes,B
trk_00385,Yeh Ishq Waale,Badshah,Electronic,0.7671158691623461,0.9029060812326052,0.5398699055132945,130.79406917596484,0.0409882946489848,-5.323762028138943,0.4318881173655893,230,3:50,82,Yes,F
trk_00386,Mera Safar Waali Shaam,King,Rock,0.8775693997252983,0.4669616203790069,0.4784871163218912,127.27414789597714,0.0876199937016998,-5.589887358689292,0.5519699806956316,252,4:12,91,Yes,G
trk_00387,Woh Mausam Mein Tu,Sunidhi Chauhan,Pop,0.6058354853489186,0.8326702974381481,0.6012044716890749,115.4708322728068,0.1525803383248765,-2.275090754666791,0.0916925167002749,211,3:31,50,No,D
trk_00388,Mera Tanha Waali Shaam,Sonu Nigam,Electronic,0.586088587556915,0.7054062563886698,0.7593138541926366,148.09183966688678,0.0209560109049136,-8.149423625425632,0.367547188871175,193,3:13,37,No,B
trk_00389,Mera Manzil Mein Tu,Vishal-Shekhar,Electronic,0.9969157212059148,0.6667340976649443,0.4800146310941348,110.7077748527346,0.147651255895373,-5.965675683981146,0.3426059189885892,135,2:15,37,No,D
trk_00390,Yeh Bekhayali Ki Dastak,Kavita Seth,R&B,0.4929374331718719,0.7003595096935307,0.5555524885633292,91.33838581807268,0.392756016768734,-7.49036869181307,0.4155196674719122,139,2:19,26,No,F
trk_00391,Mera Tanha Ki Roshni,Hariharan,Hip-Hop,0.7337482074726399,0.7736692193122084,0.481157020586635,82.89839056585842,0.2073120294210243,-4.684928720420826,0.4457419178347824,208,3:28,35,No,E
trk_00392,Mera Roshni Ke Paar,Raftaar,Rock,0.882075985811614,0.416016212921961,0.6308966722009359,122.9939699533668,0.01027923517597,-3.943270846251872,0.0244110859771271,153,2:33,35,Yes,F
trk_00393,Yeh Silsila Ka Safar,Sonu Nigam,Electronic,0.6849115707673686,0.6745000580162428,0.6346629485037211,125.582941439146,0.1131340846760362,-8.401211356456576,0.2962085286444954,159,2:39,43,No,A
trk_00394,Woh Mausam Ke Sang,Anuv Jain,Rock,0.8114535942778834,0.5234091361457764,0.8858775436353592,133.4867515404569,0.2401815999919855,-4.066226629560366,0.3643931013453715,191,3:11,65,Yes,G
trk_00395,Woh Nazar Ki Dastak,Palak Muchhal,R&B,0.596675520483858,0.7590015408978179,0.2959976278627746,89.33027640277479,0.2654406552265637,-6.55309736404446,0.2286650837597328,194,3:14,75,No,E
trk_00396,Yeh Manzil Waala Mausam,Anuv Jain,Country,0.5023181175569857,0.7135015120830803,0.7658726418543331,120.91725852255551,0.3259249544724065,-4.718970631551032,0.6241121621410357,170,2:50,27,No,D
trk_00397,Woh Silsila Ke Rastey,Anirudh Ravichander,Hip-Hop,0.6230800460578648,0.8244162554586869,0.5317814181433943,90.2987560612562,0.0749890316344555,-6.79186858902947,0.2930577492458813,213,3:33,37,No,C
trk_00398,Mera Tanha Mein Tu,Guru Randhawa,Electronic,0.6996561096500497,0.686864770091215,0.769969415004035,133.7323998666576,0.0373729992127792,-5.537561904541769,0.1681349993208284,244,4:04,59,Yes,D
trk_00399,Woh Zindagi Waali Shaam,Sunidhi Chauhan,Electronic,0.645208755726415,0.7760540425303809,0.7066269448345673,142.07046683126964,0.0339287834981257,-6.520126917870479,0.1799956694242873,239,3:59,37,No,E
trk_00400,Woh Tanha Ka Junoon,Anirudh Ravichander,Pop,0.5642379370659685,0.6984645803471635,0.4570787802152669,116.033206017132,0.1101351116703571,-3.747717861199717,0.1215080936671522,250,4:10,91,No,E
trk_00401,Woh Safar Ke Geet,Raftaar,Country,0.461972304616789,0.4480476585976758,0.7740595580399274,114.0152550610336,0.2676304100662989,-8.96233081376421,0.1804314440054766,196,3:16,53,No,C
trk_00402,Yeh Zindagi Ke Rastey,Prateek Kuhad,Hip-Hop,0.7536120997684124,0.5548463605591123,0.3063316375857101,87.03543192353942,0.0294885081472394,-4.74025824759115,0.1095217073475673,170,2:50,95,No,D
trk_00403,Mera Roshni Ki Chaahat,King,Electronic,0.64418015702498,0.8618929004178735,0.6418849374076455,128.73978868792886,0.0831061858514655,-5.2140004133319735,0.4577285618011524,234,3:54,48,No,E
trk_00404,Tera Rangeen Ka Nasha,Kavita Seth,Rock,0.8799532503043211,0.4423738070971728,0.6668039142982738,134.23895943076576,0.0,-5.551707035526307,0.4304959251676735,210,3:30,43,No,C
trk_00405,Yeh Saathiya Ka Ehsaas,Alka Yagnik,Country,0.376712634835437,0.7401120731267607,0.8388319567079102,99.2422224507596,0.4226399324945966,-6.2403688375044535,0.5408474097768252,141,2:21,47,Yes,C
trk_00406,Woh Noor Ki Raahein,Jonita Gandhi,Hip-Hop,0.6873440440180659,0.8955376556278322,0.2040539853404454,103.92287009725122,0.0458475234604958,-5.169926330547455,0.290493491811843,196,3:16,33,No,D
trk_00407,Tera Chaand Ki Raahein,Arijit Singh,Pop,0.8239346038227088,0.6892744949206213,0.6288695765537077,131.69328902200212,0.1436489088177674,-4.236291810302188,0.4872214643217361,138,2:18,45,No,C
trk_00408,Tera Bekhayali Ka Safar,Shaan,Country,0.5616830174172184,0.4214408999243972,0.755607915554881,90.66194176071583,0.3764091032376754,-8.221016003937333,0.174805484560042,207,3:27,56,No,G
trk_00409,Yeh Mausam Waali Shaam,Armaan Malik,Pop,0.9035721290803106,0.8430723710701169,0.8174513057808808,115.50072063119109,0.0093682012593673,-7.291936414311145,0.3245282461141492,245,4:05,35,No,E
trk_00410,Woh Nazar Waale,Armaan Malik,Rock,0.7949412932999294,0.5509689231224656,0.4522722175064412,143.0084303028038,0.208224042791738,-4.699861106804165,0.4978733208548289,215,3:35,43,No,E
trk_00411,Yeh Aasman Ke Paar,Arijit Singh,R&B,0.6005337147647349,0.7327839349915588,0.2720395662969342,88.71736519516169,0.1393327378422711,-6.647406954289589,0.4927462241695499,183,3:03,40,No,G
trk_00412,Woh Chaand Ka Nasha,Diljit Dosanjh,R&B,0.4793235210347594,0.7163287276343989,0.4189715589338443,77.81891392049619,0.2881799362141557,-5.760879433338446,0.2129007740434994,259,4:19,40,No,C
trk_00413,Mera Saathiya Ke Rastey,Pritam,Jazz,0.3150279078522304,0.4017016073927159,0.6136819747612058,103.36563842780512,0.6030059887468693,-11.47203624318214,0.6088530693012807,246,4:06,31,No,A
trk_00414,Tera Barsaat Ka Rang,Monali Thakur,Classical,0.3193217601658704,0.0972322728329151,0.2936751703625948,86.67420620150125,0.956251215778884,-12.252354274417758,0.3828690982303995,214,3:34,31,No,G
trk_00415,Mera Chaand Ke Sang,Armaan Malik,Hip-Hop,0.8185019637952411,0.6729691273116445,0.4585552105374379,112.026446693722,0.0,-3.904164972399192,0.2140430758122665,232,3:52,67,No,F
trk_00416,Woh Noor Ke Geet,Kavita Seth,Rock,0.8271396904351034,0.480268465883876,0.4205262425090573,121.58399501331968,0.0,-4.501409024941609,0.619065034317763,209,3:29,77,Yes,G
trk_00417,Woh Dooriyan Ki Dastak,Rahat Fateh Ali Khan,Rock,0.7488084678308802,0.5448818405772226,0.4081338123949974,132.01064614944283,0.1673798587807826,-3.0925362317054863,0.1924597132234665,206,3:26,68,No,F
trk_00418,Yeh Khwaab Ki Roshni,Yuvan Shankar Raja,Classical,0.254643972794196,0.2095185216188287,0.4408308788589121,93.46637727780794,0.9046389108026962,-15.799900518548096,0.8752158762953199,261,4:21,59,No,B
trk_00419,Mera Silsila Ka Rang,Neha Kakkar,Electronic,0.8048912582392976,0.7211722857942041,0.7135245295997098,129.67530368781033,0.0,-6.296472425400221,0.622987571881136,252,4:12,70,No,B
trk_00420,Tera Rangeen Ki Chaahat,Sonu Nigam,Electronic,0.6971096590312311,0.7003376615426765,0.3608077139256977,139.00656086210753,0.0,-6.800018640034804,0.6352750967295677,228,3:48,48,No,D
trk_00421,Yeh Chaand Ke Geet,Guru Randhawa,Electronic,0.7391506096268798,0.619213208677787,0.63044847561298,108.0692360208761,0.0269675138505663,-5.632442003526891,0.3940515317607362,260,4:20,44,No,A
trk_00422,Woh Mausam Waala Pal,Arijit Singh,Pop,0.9447770078936248,0.7253587920895548,0.7973230957638971,140.9056501762192,0.002076704330603,-5.419333456957363,0.4868144557316827,240,4:00,15,Yes,C
trk_00423,Woh Dil Ka Rang,Shankar Mahadevan,Hip-Hop,0.8889322621980547,0.8689897413257945,0.3735414103727553,105.26419454871976,0.1277583738814008,-6.058151437186012,0.1310839610275118,163,2:43,32,No,G
trk_00424,Yeh Khwaab Mein Tu,A.R. Rahman,Pop,0.8542531273127,0.7049645542792504,0.6707156765798029,129.2532130596644,0.0,-4.523820579624461,0.1661171770218508,192,3:12,3,No,D
trk_00425,Woh Rangeen Ke Rastey,Sonu Nigam,Jazz,0.3606617702255343,0.3737582049397085,0.4587563630540643,106.0638841796699,0.6305946652554029,-12.968244801793276,0.2083495708770102,180,3:00,36,No,C
trk_00426,Mera Zindagi Ke Paar,Kavita Seth,Hip-Hop,0.8106231558859969,0.8200698694288879,0.5308704105333802,91.55522791247547,0.0200467210434421,-5.493350851418098,0.0974371445008732,166,2:46,80,No,G
trk_00427,Mera Mausam Waala Mausam,Papon,Country,0.6591393263621375,0.6282443648788483,0.9117081205501648,110.1384845130557,0.4227279749238071,-9.340807432018906,0.2937750769773769,198,3:18,28,No,F
trk_00428,Tera Dooriyan Ki Baarish,Rahat Fateh Ali Khan,Rock,0.6748562002796168,0.4231781391918701,0.5607426460912782,128.6720345271021,0.0224484997303336,-5.850794965687955,0.1288464016404774,285,4:45,71,No,A
trk_00429,Tera Ishq Ke Sang,Sid Sriram,Pop,0.8515864873880141,0.8175618650928991,0.6630148031887291,109.5441179342846,0.1399780663419569,-3.493637499632119,0.3349013175247939,174,2:54,41,No,B
trk_00430,Mera Roshni Ki Raahein,KK,Pop,0.6749539225251222,0.7808751280991869,0.93051456004963,116.79303751592974,0.0,-4.024885135211031,0.3070307957287018,263,4:23,13,Yes,F
trk_00431,Tera Dil Ki Baarish,Ritviz,Electronic,0.7924490027433193,0.8200932679195668,0.6267962807462646,135.8348189554519,0.132728799240288,-5.1119447612700295,0.0642983788661921,162,2:42,18,Yes,B
trk_00432,Yeh Ranjha Ke Sang,Sid Sriram,Jazz,0.4254315626553711,0.3798249557869214,0.3439373039967546,94.20634300637,0.5624013941335994,-10.707605639283532,0.4214487386143439,220,3:40,64,No,E
trk_00433,Mera Zindagi Ka Nasha,Sunidhi Chauhan,Pop,0.7476007895117218,0.667089028656452,0.5787519936064363,111.71143912516008,0.14404308745793,-4.097394340417739,0.2362196704394577,179,2:59,26,No,C
trk_00434,Woh Noor Ke Sang,Alka Yagnik,Pop,0.6971160915379128,0.7059724100444233,0.6200064900422977,114.83143710072376,0.1796859339458747,-5.7303212317544325,0.1844518254166566,232,3:52,79,No,G
trk_00435,Mera Barsaat Mein Tu,Badshah,Electronic,0.5876007181874365,0.761361625757168,0.856270407609284,128.82034219209342,0.1820458370586278,-6.943818224294164,0.2553982359937882,172,2:52,66,No,F
trk_00436,Yeh Fanaa Ki Raahein,Papon,Pop,0.7250305827533207,0.7131550124633972,0.7012763522018417,104.63997107565072,0.0280682474363187,-3.928645275959108,0.1562616275450701,153,2:33,36,No,E
trk_00437,Woh Fanaa Ka Junoon,Shaan,Electronic,1.0,0.6292386466766918,0.7401802081744917,129.7227461003854,0.0,-6.8217228550898925,0.520637676010756,219,3:39,40,No,E
trk_00438,Mera Rangeen Ka Safar,Ritviz,Electronic,0.7851378941396148,0.6226739089515668,0.7147601917805775,125.4934134341779,0.091755517172703,-6.181684860839649,0.3351573956498619,207,3:27,50,Yes,D
trk_00439,Tera Parwaaz Waali Shaam,Diljit Dosanjh,Pop,1.0,0.8302406985981937,1.0,117.91897585991818,0.1252753624508383,-6.611295587563214,0.6132219545771697,241,4:01,18,No,D
trk_00440,Mera Nazar Ka Ehsaas,AP Dhillon,Pop,0.6902508984296513,0.733067339816604,0.6802545873305366,126.06933550030064,0.0,-5.844379592042096,0.3923458302638344,172,2:52,63,No,F
trk_00441,Mera Zindagi Waala Mausam,Monali Thakur,R&B,0.4674167226761953,0.8646395920599248,0.7320031697257229,92.56750798661788,0.2490787929538684,-6.454010287637661,0.528880572703874,224,3:44,63,No,F
trk_00442,Yeh Aasman Ki Baarish,Vishal-Shekhar,Rock,0.7152746082418651,0.4101200189756162,0.616122047227156,120.6651793332172,0.0759339235174161,-6.440967591920973,0.2957538439794727,216,3:36,33,No,B
trk_00443,Woh Zindagi Ki Kahani,Divine,Rock,0.8524971262370998,0.4326814763536912,0.4069568389620178,128.16120897460655,0.1184557854667547,-5.258452659466267,0.2347886654948478,196,3:16,60,No,C
trk_00444,Tera Sapno Waala Mausam,Mohit Chauhan,Electronic,0.7600717856914498,0.7193247594844859,0.6331181391494967,146.4225784051079,0.0957700574086712,-5.106102979441251,0.3204278458464525,224,3:44,16,No,B
trk_00445,Yeh Sapno Ka Junoon,Sonu Nigam,R&B,0.6233348232689039,0.6076091810845727,0.3918356342189305,85.93331280961556,0.2155480597796939,-6.790477383387605,0.2241827202711847,196,3:16,54,No,G
trk_00446,Mera Safar Ka Rang,Raftaar,R&B,0.5003722466910301,0.8514164357415558,0.3759517039325328,87.25355151438163,0.1636072127311353,-7.970634856864742,0.5169185725041846,200,3:20,73,No,D
trk_00447,Yeh Silsila Ki Dastak,Raftaar,Electronic,0.7570365021472492,0.5898890733608655,0.5485223139153096,135.6476989430245,0.1539989897809707,-4.559542247869998,0.0335696976684694,197,3:17,64,No,G
trk_00448,Mera Sapno Ka Ehsaas,Sonu Nigam,Rock,0.8780884025138987,0.6151289188537747,0.5715452269435335,122.93489553215916,0.0006254430552502,-2.3762280468662382,0.4822807041109198,229,3:49,14,Yes,D
trk_00449,Yeh Ishq Ki Roshni,Jonita Gandhi,Pop,0.7730055611545501,0.762347231450854,0.6095149009998942,137.44107703525495,0.1116234608353741,-5.045378992588131,0.1225032701590931,214,3:34,36,No,B
trk_00450,Tera Manzil Ka Rang,A.R. Rahman,Electronic,0.8320997563686023,0.8202236166702925,0.7872306635437116,106.48397087117114,0.0,-4.035833847896028,0.2841677479641946,161,2:41,91,Yes,A
trk_00451,Tera Barsaat Waala Mausam,Divine,Jazz,0.4588076675167832,0.5462345169266569,0.6635065787865567,120.73621943907573,0.5495323559367314,-11.446800207435292,0.4423555119989921,237,3:57,14,Yes,B
trk_00452,Tera Bekhayali Ke Rastey,Nucleya,Hip-Hop,0.7714745649888944,0.7766275942148275,0.5848949253037257,102.76931692354827,0.2086332048895326,-3.969819528568195,0.323485885055623,241,4:01,64,No,D
trk_00453,Tera Ranjha Ki Baarish,AP Dhillon,Country,0.5251454630487224,0.5730942077406689,0.6586738916278576,108.30313054631884,0.3078811832794246,-6.523582057849085,0.2695767946595276,249,4:09,55,No,E
trk_00454,Mera Noor Ka Nasha,Nucleya,Pop,0.911578815114834,0.6937062537166496,0.6801124440237442,115.78596674385592,0.1794309821726812,-5.6549697159281465,0.3323745132922958,244,4:04,38,No,E
trk_00455,Tera Rangeen Waali Shaam,Mohit Chauhan,Hip-Hop,0.5288564272965245,0.8438598446384307,0.3603228668572275,91.42080472407392,0.140929727807901,-4.905970980383048,0.0721255276382732,228,3:48,27,No,G
trk_00456,Woh Manzil Ke Paar,Pritam,Pop,0.8161146955825452,0.8099146086888706,0.5375819668538617,119.36553240744192,0.2662330915419097,-8.277963232673645,0.2643295144365772,228,3:48,32,No,G
trk_00457,Tera Safar Waala Mausam,Sunidhi Chauhan,Hip-Hop,0.5615036760456881,0.7256941900068987,0.5923804186202026,102.30659402747328,0.2574752028242431,-7.3198233081742226,0.5952294367715525,105,1:45,68,No,G
trk_00458,Tera Khwaab Waale,Armaan Malik,Pop,0.5625271719438592,0.7284593872029007,0.5482497862482514,118.56419453273804,0.2915469858720499,-4.700739010341668,0.6706442252424057,208,3:28,100,No,A
trk_00459,Woh Tanha Ke Geet,Ritviz,Pop,0.9538328984630832,0.6966699000334136,0.7692028176140948,131.35286330699387,0.022564396143202,-3.8639453621993702,0.3525317020896323,259,4:19,50,No,G
trk_00460,Tera Aasman Ki Baarish,Sunidhi Chauhan,Pop,0.8814074981524604,0.6551251304732,0.8273507510214542,113.66610433313846,0.2902555841652468,-5.54772891979732,0.1124547046196236,193,3:13,49,No,A
trk_00461,Mera Yaadein Ki Chaahat,Yuvan Shankar Raja,Classical,0.252308065895042,0.3624903594654043,0.4232138289990155,103.09865169433536,0.8940523736193181,-16.276827163278917,0.3433723889998742,187,3:07,37,No,G
trk_00462,Tera Nazar Ki Roshni,Vishal-Shekhar,Electronic,0.7472005978234387,0.8553069160166407,0.2134780372817143,129.9559883476294,0.0527417451360177,-8.521305688857181,0.2667180080505323,258,4:18,35,No,B
trk_00463,Yeh Dooriyan Waale,Divine,Jazz,0.3123302914380707,0.516045995235155,0.503740811090517,89.28622820661843,0.6934193540422223,-12.16256744452436,0.1701186125793573,229,3:49,23,No,D
trk_00464,Yeh Junoon Ka Safar,KK,R&B,0.7397887292658706,0.6686187461586243,0.6302266716393958,90.38555168784318,0.2113073090049945,-8.37008663617166,0.1930716249260184,252,4:12,30,Yes,D
trk_00465,Yeh Saathiya Ki Kahani,Vishal-Shekhar,Rock,0.8814444590874853,0.4641041614820586,0.6375727524441035,118.68998288367558,0.1034424778657025,-2.969713133481616,0.0152896634075258,216,3:36,50,No,F
trk_00466,Woh Khwaab Ki Baarish,Shreya Ghoshal,Rock,0.7145882318442379,0.3073530679804923,0.5879491429433904,133.67045325485233,0.236891251643921,-2.847353395014365,0.5044464904930327,257,4:17,57,No,G
trk_00467,Tera Dil Ki Kahani,Anirudh Ravichander,Country,0.4122423619935333,0.7200134910399938,0.8587598302364541,105.8528406873324,0.208380465921961,-8.630462880475909,0.1452739143410802,171,2:51,49,No,G
trk_00468,Yeh Aasman Mein Tu,Badshah,Rock,0.7360850268477266,0.5614198551424351,0.417299950648857,120.26793795637845,0.0234920691255614,-3.791562116077421,0.1959465197805902,220,3:40,14,No,G
trk_00469,Yeh Ranjha Ki Raahein,Jonita Gandhi,R&B,0.6188205306452883,0.6356393169792615,0.3975412294994747,83.56816657972969,0.3059162457373937,-8.943556791805417,0.2443242886051155,222,3:42,35,No,A
trk_00470,Woh Roshni Ke Sang,Prateek Kuhad,Pop,0.7936732555564835,0.7901207163482995,0.7293700392021728,113.83114719947486,0.1566959518892407,-4.6766004744412,0.3494589164261056,236,3:56,49,Yes,D
trk_00471,Tera Saathiya Ka Junoon,Neha Kakkar,R&B,0.6519343267248685,0.7452841534321157,0.600036487616443,91.69245404818965,0.224008414828782,-8.099842322816686,0.5985726553798467,241,4:01,98,No,A
trk_00472,Tera Sapno Waale,Shaan,Pop,1.0,0.7747085187099627,0.5041332711130576,114.54478625748776,0.0880109211009612,-3.917621783471316,0.4439189480675059,202,3:22,49,No,B
trk_00473,Woh Khwaab Ke Paar,Mohit Chauhan,Country,0.510378898797856,0.4956433159753417,0.4893471174932141,102.76140767382476,0.3704956996954439,-9.586144542389768,0.1416777641928619,232,3:52,38,No,A
trk_00474,Woh Tanha Waala Mausam,Shaan,Hip-Hop,0.7828639379424875,0.7253726978368896,0.2745531248386416,87.74484451519683,0.123482738197273,-6.9873902140848445,0.2012434997148532,234,3:54,28,No,B
trk_00475,Yeh Sapno Ke Geet,Ritviz,R&B,0.4571780032651982,0.8043428278102925,0.5426405834708165,71.90732285411741,0.3008263356172965,-8.17650095328928,0.1800136274039845,251,4:11,58,No,F
trk_00476,Tera Zindagi Ke Rastey,Prateek Kuhad,Pop,0.9283270810395836,0.9772536441899692,0.774291577366186,118.89784964419133,0.1282875951868402,-5.695921954226613,0.4487854585210636,196,3:16,37,No,C
trk_00477,Yeh Nazar Ke Paar,Sunidhi Chauhan,Jazz,0.2705506645141988,0.3681662516663747,0.7089379151009285,100.45450689175522,0.6690163937592013,-14.094517717251223,0.6408206970310617,219,3:39,67,No,E
trk_00478,Woh Dooriyan Ka Junoon,Guru Randhawa,R&B,0.4334675168137275,0.5289072270126316,0.5080217899569234,99.02077023395576,0.2222167409477313,-9.441093895711514,0.1220834316515118,256,4:16,29,No,C
trk_00479,Mera Ishq Ki Chaahat,Neha Kakkar,Hip-Hop,0.7572445306155101,0.83970466698824,0.6117999160241714,98.95373681185666,0.0549858264277379,-7.193983365013131,0.2024662515803388,199,3:19,56,No,C
trk_00480,Mera Aasman Waali Shaam,Anirudh Ravichander,Classical,0.261993589027284,0.2006879176179619,0.3811417304669349,90.73098077211652,0.8520552848003821,-14.909249177524634,0.0574758313476629,310,5:10,43,No,E
trk_00481,Woh Zindagi Ki Baarish,Kailash Kher,Classical,0.3297467693207824,0.449611636706662,0.4658739251933631,100.417938953152,0.8559689607722727,-16.309225222695698,0.4413690192438627,244,4:04,34,No,F
trk_00482,Mera Junoon Ka Nasha,Vishal-Shekhar,Hip-Hop,0.4597507466471309,0.8611076716370976,0.5452333036089546,91.4719644136414,0.059030547315197,-6.178981356999598,0.1421679870553978,205,3:25,42,No,G
trk_00483,Mera Dil Ke Paar,Neha Kakkar,Classical,0.1975230854832102,0.3395473291645957,0.4623316492617029,77.16136117993429,0.9781235580123048,-12.915323004016017,0.265352334053589,228,3:48,18,No,F
trk_00484,Mera Dooriyan Ka Ehsaas,Sonu Nigam,Jazz,0.3747950875365144,0.4120205757908044,0.4940134037407696,86.74368322158652,0.5226494779228785,-9.227655294676865,0.392144555484623,222,3:42,44,No,C
trk_00485,Woh Dil Ke Sang,Hariharan,Country,0.5868185036412009,0.633787041766779,0.8046656002462214,93.89412641309956,0.459241838432495,-7.084918130896685,0.1983531753035698,235,3:55,56,No,A
trk_00486,Woh Aasman Waali Shaam,Raftaar,Pop,0.6322887756112782,0.9152615060970564,0.6755398463404955,111.19030140583553,0.2382206966932523,-3.173942564664092,0.1806794747930841,215,3:35,0,No,F
trk_00487,Mera Sapno Waale,Vishal-Shekhar,Rock,0.766739575095725,0.5529837896065064,0.5815648541614641,140.15432770127882,0.0,-3.408691238558122,0.3338422783859358,232,3:52,51,Yes,A
trk_00488,Tera Aasman Ke Rastey,Arijit Singh,R&B,0.4699664593834696,0.6301012744020889,0.7093833687948192,114.04837542253972,0.267376635002272,-8.69715083586759,0.0889869293663829,127,2:07,63,No,F
trk_00489,Woh Saathiya Ke Geet,Dhvani Bhanushali,Country,0.4974469639894903,0.6310628810666002,0.5821464641711093,83.23049027706055,0.456659439096465,-8.242293213533992,0.2149756738328049,245,4:05,82,Yes,G
trk_00490,Tera Silsila Ki Kahani,Shaan,Hip-Hop,0.6320800521567632,0.706199257596825,0.4373718350375395,99.39058291320303,0.0706911224989934,-6.750617265314271,0.2684205705269319,175,2:55,75,No,A
trk_00491,Mera Sapno Ka Junoon,Shreya Ghoshal,Classical,0.3229786796557389,0.171211684489858,0.4068100061866747,72.13644875660057,0.9276815220922786,-15.610727235931858,0.2116857621286846,251,4:11,45,No,B
trk_00492,Woh Ranjha Ki Roshni,Arijit Singh,Rock,0.8359716966642632,0.4474841469301739,0.700034429552948,118.66246263859902,0.0420076774540165,-5.34331882707596,0.1044826156924369,192,3:12,59,No,A
trk_00493,Yeh Silsila Waala Pal,Vishal-Shekhar,Pop,0.755157908952637,0.8969680597203717,0.7454202578701025,112.10609405149556,0.0308374917295762,-5.971769072609141,0.5729791425842965,201,3:21,48,No,G
trk_00494,Mera Dooriyan Ki Raahein,Monali Thakur,Hip-Hop,0.4761711658891955,0.7845558130741228,0.4259385024787122,90.4495337933258,0.0717700283099137,-4.292244540609456,0.2983418640176956,174,2:54,70,Yes,B
trk_00495,Mera Bekhayali Ke Rastey,KK,Rock,0.826590196179304,0.3218902845971124,0.526218055438592,135.33270450968703,0.2085615538254638,-3.57913611372284,0.171592439304647,240,4:00,45,No,A
trk_00496,Yeh Junoon Ka Nasha,Prateek Kuhad,Jazz,0.4434129425055923,0.5764656907022541,0.6015803381257707,104.08750440630634,0.6449650201700182,-11.992699767921508,0.33449506244449,169,2:49,71,No,D
trk_00497,Mera Aasman Ki Chaahat,Divine,Pop,1.0,1.0,0.8013347046485998,129.01737861786208,0.1893594789469196,-7.4093851826029375,0.2590341477319366,176,2:56,87,No,D
trk_00498,Tera Fanaa Ki Roshni,Mohit Chauhan,R&B,0.5082216987486382,0.8235570993163623,0.2805912942989644,69.31624284568969,0.257151622314529,-8.663883939161234,0.2454115178658505,255,4:15,30,No,D
trk_00499,Yeh Mausam Waala Mausam,Vishal-Shekhar,R&B,0.4440962877987903,0.673661014796519,0.5579348148872382,100.83583103109996,0.2233231445454582,-5.720071991128551,0.0283356782210585,269,4:29,36,No,E
trk_00500,Woh Ranjha Mein Tu,Anirudh Ravichander,Classical,0.3162841093021633,0.1970303760366939,0.3419179451653498,89.95927162878564,0.8966992277879952,-14.875381786842478,0.0460336603573491,232,3:52,45,No,F
trk_00501,Tera Barsaat Ka Ehsaas,Sunidhi Chauhan,Hip-Hop,0.3398914895540481,0.8532783209322625,0.4033367980987375,92.8488619982951,0.2033821302129041,-4.508472720276865,0.4675879097876498,192,3:12,58,No,A
trk_00502,Yeh Safar Ke Paar,King,Rock,0.7903006411579068,0.5618360566259665,0.7246720575108758,138.31653774575176,0.0,-3.3326561574851734,0.2952297504842084,233,3:53,34,No,F
trk_00503,Tera Noor Ka Safar,Neha Kakkar,Electronic,0.7700303943335686,0.6473225862166156,0.4946859171764514,129.32719329585188,0.0,-6.371003945844628,0.2638342446311104,187,3:07,44,No,B
trk_00504,Mera Silsila Ka Safar,Kailash Kher,Classical,0.126429697795059,0.3165240050064925,0.4015026237195744,106.37211644702852,0.7854916122356459,-17.928398671079158,0.064096265356239,235,3:55,41,No,G
trk_00505,Tera Zindagi Ka Ehsaas,Javed Ali,Pop,0.7501794872878107,1.0,0.7623845221722293,120.10008308022589,0.1992131187422864,-3.935883529120092,0.2737598536963964,200,3:20,78,No,D
trk_00506,Yeh Silsila Ke Sang,Prateek Kuhad,Country,0.5793352036322984,0.5521888821164835,0.6880342408380938,113.10027238506116,0.2920111132959958,-6.918922505730999,0.5698305841818123,188,3:08,76,No,B
trk_00507,Woh Ishq Ke Rastey,Shaan,Electronic,0.8713266250796543,0.5310031201087652,0.7664822834414073,134.38671048885192,0.0,-4.861785472476568,0.2546421937825017,193,3:13,41,No,B
trk_00508,Mera Khwaab Ke Geet,Nucleya,R&B,0.6856126599596222,0.7379085373073448,0.563927694531145,92.15230431646434,0.1918544842355785,-7.906211416482788,0.4086742893951243,248,4:08,43,No,C
trk_00509,Tera Dil Ke Rastey,Sonu Nigam,Electronic,0.6896742431938387,0.7806829872282575,0.7154779894656172,120.507718605046,0.0,-8.583840112128705,0.3674846034147522,217,3:37,78,No,C
trk_00510,Mera Saathiya Ka Safar,AP Dhillon,Jazz,0.3177664528647276,0.252698500001516,0.665701452806011,117.21119520875853,0.6255643280975901,-11.784162422324846,0.3897903006241741,218,3:38,69,Yes,D
trk_00511,Yeh Safar Ki Baarish,Sid Sriram,Hip-Hop,0.7930874511937244,0.8935457364848777,0.5609975547395027,84.84040336805433,0.0506115352985401,-4.77141759236895,0.2269692575847441,201,3:21,30,No,A
trk_00512,Yeh Yaadein Mein Tu,Guru Randhawa,R&B,0.7693602615610071,0.7545372292001798,0.4708491864588223,94.13435388718094,0.100494614970277,-7.972393064870812,0.1742774993707218,158,2:38,71,No,C
trk_00513,Tera Aasman Waali Shaam,Kavita Seth,Country,0.6212477034616805,0.5372049049928012,0.7110403719975041,110.31404781200868,0.4517364951415764,-8.548596474449768,0.3723962462382923,180,3:00,48,No,A
trk_00514,Mera Rangeen Ke Rastey,A.R. Rahman,Pop,0.8362570914048951,0.5347962478779291,0.7533800479590465,115.32323522961212,0.261344471329528,-3.269759683489447,0.1036967956500377,235,3:55,62,Yes,A
trk_00515,Mera Dooriyan Ka Safar,Jubin Nautiyal,Pop,0.9001485815573996,0.8282715135505503,0.473996548644261,124.5402386056287,0.1881551174833637,-8.518253785418336,0.2497548898380251,220,3:40,35,No,A
trk_00516,Tera Nazar Ke Paar,Palak Muchhal,Rock,1.0,0.3805813348588155,0.4284826670268293,108.64570040286192,0.0560672846588978,-2.0043514834317757,0.2567773194535101,230,3:50,20,Yes,A
trk_00517,Yeh Khwaab Ki Dastak,Anirudh Ravichander,Electronic,0.6874813898268839,0.8312634305203301,0.5914655651003596,126.85594703944524,0.0277301625913684,-4.840728242184415,0.3508970457673466,216,3:36,43,Yes,A
trk_00518,Woh Dooriyan Waali Shaam,KK,R&B,0.5502231622162402,0.6893469582291142,0.5502113516583976,88.34330906270348,0.2524880526490633,-7.117873100383245,0.0633509039351747,148,2:28,62,No,E
trk_00519,Yeh Bekhayali Ke Sang,Jubin Nautiyal,Pop,0.7664775004181356,0.802530746250215,0.4904353024451583,114.15674773141228,0.109851872842696,-2.703009796528652,0.3324109419541867,258,4:18,63,No,G
trk_00520,Yeh Zindagi Ka Nasha,Monali Thakur,Jazz,0.1504292616217535,0.4575861616915122,0.652257169168301,103.9701406122184,0.6290252538169775,-8.669258265259359,0.3387746006280138,198,3:18,44,Yes,B
trk_00521,Woh Roshni Ke Paar,Jonita Gandhi,Hip-Hop,0.6360211109010466,0.909973426604452,0.7242417168737801,98.94693968450125,0.0614049157176709,-4.58864850012953,0.377424342828873,205,3:25,55,No,F
trk_00522,Mera Mausam Mein Tu,Rahat Fateh Ali Khan,R&B,0.4719867345729304,0.5227362485233746,0.4326103261780762,79.27157706837365,0.1767230597040017,-4.482995157044854,0.5432995745273781,195,3:15,60,No,D
trk_00523,Yeh Khwaab Ka Nasha,Kavita Seth,Country,0.3458610674860082,0.7852585078957003,0.4610804894920505,91.29102641499864,0.4054137627402184,-5.225979917401034,0.4931099593781148,278,4:38,47,Yes,F
trk_00524,Woh Manzil Waala Pal,Armaan Malik,Electronic,0.7050315426675745,0.831333233634717,0.6510989363014992,121.40396311161686,0.0651072486260868,-7.657634643537225,0.145316969509023,243,4:03,52,No,B
trk_00525,Yeh Mausam Ki Kahani,Divine,Hip-Hop,0.7145156366896005,0.7181944679418446,0.0909239915059239,125.7558553152295,0.016107941923767,-7.114728231217208,0.0953567220190413,172,2:52,43,No,B
trk_00526,Mera Barsaat Waala Mausam,Divine,Hip-Hop,0.8200273977021387,0.7974283035112898,0.2406084640113756,107.5576617526856,0.0,-5.937373539948228,0.1322278998580973,263,4:23,68,No,F
trk_00527,Yeh Chaand Ki Kahani,Guru Randhawa,Rock,0.9660401829267342,0.6484459092825701,0.3922271859136656,139.98276036644637,0.0985706734879131,-4.091645994351523,0.4449031049909251,243,4:03,44,No,G
trk_00528,Mera Ranjha Ke Rastey,KK,Pop,0.7870598413980211,0.6324086484330372,0.7924601222070521,125.1069599783486,0.2757262991159199,-4.281632610045777,0.1291002612960628,239,3:59,73,No,B
trk_00529,Tera Silsila Ki Dastak,Shreya Ghoshal,Country,0.5517684339431072,0.5521993992804294,0.8795774067767612,110.17604460990692,0.2827225311495152,-8.541954515392913,0.1558671216115016,289,4:49,21,No,G
trk_00530,Woh Aasman Ki Kahani,King,Electronic,0.9792402065330728,0.8966450259966898,0.7279477833284975,130.84840341226183,0.046006320203722,-6.358806026092881,0.167501695887048,148,2:28,51,Yes,D
trk_00531,Tera Tanha Ki Roshni,King,R&B,0.727851543626518,0.6599644998300267,0.5584186775013322,92.27612626545002,0.2962628735369279,-7.434432839693097,0.2905940171437239,180,3:00,86,No,F
trk_00532,Mera Ishq Ki Roshni,Palak Muchhal,R&B,0.5624710151646056,0.6644698548891665,0.4404938820592513,94.28879109330931,0.3462931108844858,-6.91510328561639,0.3934112817988094,192,3:12,75,No,D
trk_00533,Tera Mausam Ka Ehsaas,Divine,Jazz,0.4439403844903842,0.6126714365996052,0.515377166745983,101.93038945982951,0.6409702789355423,-10.821712455165772,0.2423846551141106,222,3:42,71,No,C
trk_00534,Woh Manzil Ki Kahani,Yuvan Shankar Raja,Electronic,0.7510483400814628,0.6732109250940476,0.5220664320680938,133.94402963968872,0.0995167365584383,-7.255464122598166,0.1355243681988554,274,4:34,62,No,F
trk_00535,Woh Barsaat Ki Kahani,Kavita Seth,R&B,0.5348589289089006,0.70300604043834,0.3384631132903754,85.05798450837295,0.1314409167099363,-8.076777268460642,0.0530886082592082,268,4:28,32,No,D
trk_00536,Tera Yaadein Ki Dastak,Ritviz,Country,0.6011730964269908,0.3688408179665011,0.5294028901880136,93.91183678713456,0.3662683006723998,-6.16736545083762,0.2377351471651259,209,3:29,100,No,E
trk_00537,Woh Silsila Ki Dastak,Ritviz,Rock,0.8075604779289338,0.4743841556778553,0.7030448088715849,119.9181134175186,0.0800921824807176,-2.685680388591481,0.3604165761687544,249,4:09,17,No,C
trk_00538,Tera Fanaa Ka Rang,Divine,Hip-Hop,0.8279039916459253,0.8252368836787355,0.3779540656458399,89.939540928152,0.09204612165165,-4.8810202549623165,0.1464132125555824,242,4:02,44,No,F
trk_00539,Mera Safar Ki Chaahat,Javed Ali,Pop,0.7749434304214055,0.7481473038301494,0.5025140458391604,116.69222551232598,0.2598499121469191,-6.497702490082916,0.1232323450384942,240,4:00,20,No,E
trk_00540,Yeh Aasman Ki Raahein,Hariharan,R&B,0.711903156939018,0.7074090828170655,0.6540748492008124,91.86066336095251,0.3363761891783006,-9.377673233871151,0.2683008001664004,197,3:17,15,No,D
trk_00541,Yeh Dooriyan Waala Mausam,Shankar Mahadevan,Jazz,0.4281813148625144,0.3841553961478283,0.4375510863822439,122.49348707766322,0.537660174047178,-11.556768650026523,0.3011069868496278,240,4:00,27,No,D
trk_00542,Mera Dil Ka Safar,Anuv Jain,Rock,0.8289714814872615,0.3494123512657698,0.6926640613524443,123.25114124116992,0.0440299361027475,-3.007506301922909,0.1709922267087232,235,3:55,25,No,A
trk_00543,Yeh Noor Mein Tu,Sid Sriram,Classical,0.1509737029738181,0.1801473926158786,0.4353419187481655,77.75278016044331,0.7107902037489369,-13.120570556803717,0.3018639098615564,188,3:08,59,No,A
trk_00544,Yeh Sapno Waala Pal,A.R. Rahman,Jazz,0.489460869886326,0.431080981872492,0.5396394570103928,87.84177574979331,0.5843652122781788,-9.745273793052588,0.1114988817054026,231,3:51,39,No,B
trk_00545,Woh Junoon Ke Sang,Monali Thakur,Rock,0.8111431779508796,0.3350387070566386,0.6383294507253853,138.2704585217776,0.0495343204874046,-6.28069387370633,0.0448775242788438,243,4:03,11,No,B
trk_00546,Mera Zindagi Ke Geet,Kavita Seth,Pop,0.8119898473766232,0.9883457036646864,0.6860314120646679,134.6675312854367,0.1745776835436552,-4.540803216492507,0.5563930727535298,246,4:06,59,Yes,G
trk_00547,Yeh Junoon Ka Junoon,Shankar Mahadevan,Classical,0.3967783305371242,0.3128451067246293,0.3290434433345265,71.60829610828392,0.8373131954012974,-15.803528306204448,0.1313138813771374,180,3:00,55,No,B
trk_00548,Mera Yaadein Ke Sang,KK,Hip-Hop,0.718848638076042,0.7588918382321517,0.5885832751109925,92.74604717837676,0.0,-3.835049984805317,0.0457395502143256,268,4:28,41,No,F
trk_00549,Tera Dooriyan Ka Rang,AP Dhillon,Electronic,0.8807725728355049,0.7987931252496052,0.6553636225296111,133.46383080983566,0.0408134059931023,-3.3574873572090325,0.5696873084074284,163,2:43,43,No,C
trk_00550,Tera Khwaab Waala Mausam,Shreya Ghoshal,Hip-Hop,0.8214508011777804,0.9401104065464082,0.8040006800837411,89.73375053019436,0.0623279799263114,-5.888993982085702,0.2289229121683336,255,4:15,62,No,F
trk_00551,Yeh Zindagi Waala Mausam,Shankar Mahadevan,Country,0.5081464266660513,0.4711978381224344,0.6753368255692352,91.1013525909847,0.3405326700900942,-6.075106920828164,0.2038329708158701,195,3:15,57,No,G
trk_00552,Mera Parwaaz Ke Paar,Shaan,Jazz,0.4558718837187378,0.4113977202129302,0.4401093950639728,112.49609458209711,0.4047436788179932,-11.276433502749068,0.1745387217461719,157,2:37,52,No,A
trk_00553,Mera Silsila Waala Mausam,Nucleya,Jazz,0.4306347533932023,0.7153724875366351,0.6927301941356172,101.7197282081234,0.6573364545790967,-13.123869694305318,0.0477361624034577,198,3:18,59,No,C
trk_00554,Mera Safar Ki Roshni,Raftaar,Country,0.38860088729039,0.366009833575624,0.6801196068410491,101.9196846188259,0.5055128829169151,-6.48530609126154,0.4219584653655683,172,2:52,100,Yes,B
trk_00555,Yeh Ishq Ke Paar,Vishal-Shekhar,Hip-Hop,0.6916948705164738,1.0,0.2952849086131117,88.72907175227704,0.0767265971843944,-6.219721006092242,0.3334023858588092,174,2:54,48,No,F
trk_00556,Woh Ranjha Ke Paar,Sunidhi Chauhan,Pop,0.7592935652682978,0.7787272514027427,0.8132458606907252,112.01720665802152,0.0804985964341672,-4.0798097514922445,0.300074981101799,268,4:28,34,No,F
trk_00557,Woh Dil Ka Ehsaas,Shreya Ghoshal,Pop,0.74212115999197,0.7657634558440944,0.7233946110894625,117.75870889545028,0.190848055232825,-6.193482700738711,0.6286572754229298,203,3:23,53,No,D
trk_00558,Woh Sapno Ki Raahein,Palak Muchhal,Electronic,0.7148819517552516,0.641342790844215,0.6398846799868781,108.44494411295372,0.0863124183553077,-7.328570699699535,0.130356199876112,171,2:51,70,No,D
trk_00559,Woh Manzil Ka Rang,Yuvan Shankar Raja,Classical,0.2523385214658508,0.3183852810473224,0.6087662889501219,90.39636065081484,0.9288640774772168,-15.892816290392108,0.1855358198766813,222,3:42,40,No,G
trk_00560,Mera Tanha Ka Ehsaas,Anirudh Ravichander,Electronic,0.8387343935753068,0.6494568003921766,0.6865723088812901,99.9942498047067,0.1643942232265671,-4.502825266925819,0.3278466558918937,209,3:29,72,No,C
trk_00561,Tera Dooriyan Mein Tu,Guru Randhawa,Pop,0.9593395725049928,0.6413608122122454,0.7601967618713029,110.218185216245,0.2469238605529409,-5.150179102941872,0.3780414374548824,236,3:56,73,No,D
trk_00562,Yeh Tanha Ki Raahein,Shreya Ghoshal,Pop,0.9286755448830324,0.6811862937848411,0.9919163588826104,112.07885806810302,0.2916816920318448,-5.909428985193869,0.1178553021167162,181,3:01,67,No,C
trk_00563,Yeh Safar Waale,Mohit Chauhan,Pop,0.7504910558563553,0.8649028062998294,0.6251729133641031,128.3362920277891,0.1082931086026277,-5.235651844984263,0.44286920046879,173,2:53,44,No,E
trk_00564,Yeh Fanaa Ke Paar,Diljit Dosanjh,Rock,0.7769283219901351,0.6710754943092355,0.6737852449422043,131.6861677694331,0.0,-5.0522410616040805,0.534741088678327,180,3:00,29,No,F
trk_00565,Tera Sapno Waali Shaam,Monali Thakur,Jazz,0.4402356826321242,0.4240036632980656,0.4261515043453572,111.00282514541745,0.7728060998450533,-12.587446351813329,0.1133269696994807,218,3:38,10,No,D
trk_00566,Mera Saathiya Ki Baarish,AP Dhillon,Hip-Hop,0.8305887694300174,0.9095449484508952,0.4897897801218774,88.00539126450722,0.0485799505282336,-5.599533615192511,0.7437977296135021,211,3:31,36,No,C
trk_00567,Woh Khwaab Waale,Javed Ali,Hip-Hop,0.7892784378226988,1.0,0.5658428883777551,84.55630837140524,0.0,-5.48958620587222,0.1915637445843985,228,3:48,69,No,D
trk_00568,Yeh Fanaa Ke Sang,Raftaar,Country,0.5915583039833965,0.6362279412053033,0.7555251301293976,111.7381345306356,0.3092113744762686,-6.289887954931318,0.1391801680436666,140,2:20,58,No,F
trk_00569,Tera Ishq Ki Kahani,Kavita Seth,Rock,0.7156801780323073,0.4563736967819971,0.6757740111122986,117.3147924591756,0.1276331345315083,-4.576272498560464,0.0948569369601155,224,3:44,21,No,G
trk_00570,Mera Junoon Ke Paar,King,Hip-Hop,0.8752291909122032,0.7671581118172699,0.4573382665174777,108.332945559185,0.0569246263177941,-7.531273981074145,0.1927394237849768,212,3:32,39,No,A
trk_00571,Mera Parwaaz Waala Pal,Kailash Kher,Electronic,1.0,0.7189159232440175,0.5664225324024438,116.89722928368248,0.034158895980068,-7.134210960228058,0.1124922252646558,151,2:31,71,No,G
trk_00572,Yeh Sapno Ki Chaahat,Rahat Fateh Ali Khan,Hip-Hop,0.7271600367622495,0.688767253032942,0.3598691100920095,107.74683849679488,0.0,-5.236057014536988,0.1953809648227221,247,4:07,72,No,E
trk_00573,Tera Fanaa Ki Kahani,Jubin Nautiyal,Classical,0.2684858654060365,0.0797086646794281,0.3735320871679223,92.46906063416613,0.8099841737809822,-17.633040115714515,0.2438656594752056,239,3:59,51,No,D
trk_00574,Tera Dil Ki Raahein,Jonita Gandhi,Country,0.5626312514587,0.6296430366642111,0.849678353576972,101.75142073501452,0.4187704629483876,-8.473029245816358,0.108736880174423,255,4:15,48,No,B
trk_00575,Tera Tanha Ka Safar,Divine,R&B,0.6693611755172588,0.778994671217863,0.5054252921068977,97.79076427393656,0.2631521396925049,-7.413019742097161,0.7835828204224983,215,3:35,46,No,C
trk_00576,Yeh Mausam Ke Sang,Divine,Pop,0.7189474244357726,0.8630591397664029,0.6873237708763124,104.08125651481078,0.1579276460146486,-5.8150831131435,0.3958050962665154,207,3:27,22,Yes,D
trk_00577,Yeh Ishq Ke Geet,Nucleya,R&B,0.545198583610161,0.5356799206214207,0.5765824398618288,107.44311114743113,0.303087829484861,-7.692803184077124,0.501487737967221,150,2:30,72,No,D
trk_00578,Woh Saathiya Ki Kahani,Jonita Gandhi,Hip-Hop,0.7566602148392725,0.6454055818105958,0.441739778781739,86.64082815220415,0.0582031214586205,-7.273354312986112,0.1287084962955035,195,3:15,45,No,C
trk_00579,Mera Aasman Ka Rang,Javed Ali,Rock,0.8000489580300492,0.5306372543966347,0.5387476718774505,127.36962169970772,0.1415333400725556,-1.534713986809762,0.2822134043487073,108,1:48,24,No,E
trk_00580,Mera Bekhayali Ki Baarish,Yuvan Shankar Raja,Hip-Hop,0.4459736545747853,0.8744303816535941,0.6273500856325427,103.75712163595048,0.1522060023683253,-8.20210501888298,0.2325908910086507,228,3:48,54,No,G
trk_00581,Mera Parwaaz Ke Geet,Neha Kakkar,R&B,0.5423106294564339,0.6595972838528759,0.5068979305166329,90.46579581475942,0.3262336850865769,-6.304090548465611,0.3817427986423476,200,3:20,63,No,F
trk_00582,Woh Tanha Ki Chaahat,KK,Hip-Hop,0.6853625591050517,0.7469199521205115,0.3541672908527727,102.7597756640616,0.1211580856425399,-7.675514343345489,0.1117085196231639,168,2:48,54,No,B
trk_00583,Woh Roshni Mein Tu,A.R. Rahman,Rock,0.9179293819982348,0.4289863393162618,0.2962367681111518,123.76098927667404,0.1050585717210481,-4.4137599398446845,0.2479040768041385,254,4:14,73,No,B
trk_00584,Mera Tanha Waale,Neha Kakkar,Classical,0.1750878924038975,0.4147566452144698,0.3141684976821785,90.55411255985766,0.8942868017301877,-18.20035891802788,0.2833777324381558,285,4:45,73,No,G
trk_00585,Mera Mausam Ke Sang,Rahat Fateh Ali Khan,Rock,1.0,0.5863087786005247,0.4025196567406665,137.48948222807095,0.1994240865647954,-1.573424386336323,0.2441871183241719,236,3:56,39,No,D
trk_00586,Mera Sapno Ki Dastak,Vishal-Shekhar,Pop,0.900944905040265,0.5935023628499903,0.7449735702631365,120.38254833372348,0.1536646374825277,-4.896804682490465,0.1440408461144215,195,3:15,18,No,A
trk_00587,Mera Silsila Ki Dastak,Hariharan,Pop,0.6926121940991284,0.5813404040293216,0.6981504965670084,108.45431885221166,0.063719892833751,-3.61059685381612,0.4459354587060363,155,2:35,33,No,G
trk_00588,Tera Ranjha Waali Shaam,Neha Kakkar,Pop,0.745953188859253,0.7008385997272064,0.9689079578174022,98.94655176341146,0.3606064618664123,-4.910001186715241,0.6101047674922501,206,3:26,56,No,A
trk_00589,Woh Fanaa Ki Roshni,Badshah,Pop,0.8051593014040516,0.7802676893422974,0.6653670363998163,124.76104929294831,0.2161511375853367,-5.385966299277015,0.1976257767479022,269,4:29,40,No,E
trk_00590,Yeh Mausam Ka Junoon,Prateek Kuhad,Pop,0.6816314284970915,0.7040102157344754,0.715836400233469,109.46279180784391,0.0645886589333939,-6.466673367019618,0.4029296106364846,184,3:04,10,No,A
trk_00591,Woh Zindagi Ke Geet,KK,Classical,0.0970075767990383,0.2861964378117759,0.3468779325483028,96.35586354298796,0.9703814796756596,-16.763502642745763,0.3072253509377297,163,2:43,67,No,C
trk_00592,Yeh Silsila Waali Shaam,Atif Aslam,Pop,0.7483328695604865,0.7806044953585113,0.775971397344341,126.09007636847264,0.1252695203749535,-5.212902420176431,0.3073100910922965,222,3:42,31,No,C
trk_00593,Woh Nazar Mein Tu,Hariharan,Rock,0.8354650577686115,0.5347397486434762,0.4314396618396471,126.52807249231988,0.0840749956992104,-3.722759449567519,0.2629089170613994,177,2:57,39,No,E
trk_00594,Woh Dooriyan Ke Geet,Raftaar,Country,0.4337061013147087,0.5142584951829301,0.764361139785686,102.00122525503387,0.3868332519874259,-7.209313064391855,0.3253350724500852,233,3:53,19,No,F
trk_00595,Woh Saathiya Mein Tu,Papon,Hip-Hop,0.7533695248006193,0.9492952622753827,0.4530770399761308,109.79481761860872,0.0272780938672263,-4.007030382683034,0.5001686590938252,232,3:52,45,No,A
trk_00596,Tera Safar Ki Dastak,Diljit Dosanjh,Classical,0.2192753774338268,0.4369094582762851,0.3881534926653193,98.26422324191766,0.8819718811964641,-13.500005111158714,0.2127240243184417,266,4:26,67,No,G
trk_00597,Mera Bekhayali Ka Safar,Jonita Gandhi,Pop,0.6187106765883721,0.9521153917896246,0.5139735054884289,127.37428903396912,0.147989692071418,-4.663099299623135,0.1217695390007058,245,4:05,47,No,D
trk_00598,Woh Yaadein Waala Pal,Sonu Nigam,Pop,0.7298342087300324,0.981248190551608,0.8151331250795905,111.3163872382768,0.1011795279708418,-4.610298184107704,0.2309125999130695,241,4:01,34,No,E
trk_00599,Woh Silsila Ke Geet,Sonu Nigam,Pop,0.7063485136734456,0.857168037389059,0.7354269710014291,111.2055501508225,0.1490380776869449,-5.35933378840565,0.4825188466401663,211,3:31,76,No,D
trk_00600,Tera Aasman Ki Raahein,Alka Yagnik,Pop,0.7145855312713921,0.6824210010748673,0.7139401941862461,122.0138144615132,0.2931487950005664,-4.291679784685298,0.544072100003868,178,2:58,30,No,F
trk_00601,Mera Silsila Ki Baarish,AP Dhillon,Rock,0.7209804963659991,0.6408145234613717,0.5290935397215352,112.4513525186524,0.0105815869567619,-3.714047586528504,0.0361206777258932,217,3:37,59,No,D
trk_00602,Mera Zindagi Ki Chaahat,Raftaar,Pop,0.7191547206987825,0.8592999501984124,0.6630145640780643,120.94274451204464,0.1629951406755254,-3.0481442730632624,0.334048934575403,176,2:56,53,No,B
trk_00603,Yeh Khwaab Ki Raahein,Badshah,Pop,0.8483588573948193,0.760666310332512,0.5622172770376911,126.05457863570892,0.2016102271035073,-4.839346322353078,0.2996204564122689,197,3:17,31,No,E
trk_00604,Yeh Rangeen Ki Kahani,Kavita Seth,Pop,0.739464506129664,0.6511576417244302,0.7195206367024862,97.66499330009496,0.1240431142232372,-3.723251150764754,0.9006246423054642,203,3:23,61,No,A
trk_00605,Woh Roshni Ka Safar,Neha Kakkar,Hip-Hop,0.6009376776622741,0.7656808431313289,0.5910778034552135,99.48078341012892,0.2025904306070097,-5.369194941143896,0.2509882152731398,199,3:19,100,No,D
trk_00606,Woh Yaadein Ke Geet,Pritam,Pop,0.7674488199487736,0.7686574438560889,0.6726707523108199,89.9618429664208,0.0649423007361743,-4.506321179874059,0.3489858654969536,230,3:50,69,No,B
trk_00607,Tera Yaadein Waala Mausam,King,Rock,0.8744098443502386,0.5273911086847178,0.3672193042991383,122.68588598861577,0.084553434079471,-2.4245206715854675,0.1309739704756163,219,3:39,42,No,B
trk_00608,Yeh Roshni Ki Dastak,Guru Randhawa,Hip-Hop,0.675204579267211,0.7520031853851274,0.4380822812781104,99.1687306259004,0.1326905562232407,-5.651708243036508,0.354650601345889,221,3:41,61,No,B
trk_00609,Tera Ranjha Mein Tu,Ritviz,Classical,0.2196512240501564,0.4994344949719849,0.3652099496963364,97.0737857514197,0.9561608489223526,-16.58096730733503,0.1713917612646509,170,2:50,81,No,E
trk_00610,Tera Junoon Ki Baarish,Monali Thakur,Pop,0.8129264116343929,0.7826974053429459,0.7675937361720432,119.74837306035498,0.165769466809816,-4.71854321845362,0.2846639701154942,203,3:23,59,No,B
trk_00611,Mera Rangeen Waala Mausam,Papon,Electronic,0.6290773600797405,0.7591698016010473,0.5892956042769998,142.1029298048287,0.0,-8.71244299274927,0.3226318271024164,264,4:24,78,No,C
trk_00612,Tera Nazar Ki Kahani,Arijit Singh,Classical,0.4164192054783899,0.2523937442222133,0.3411265319168017,87.17240672370632,0.8103282420985473,-18.557163616342063,0.6671633206591616,219,3:39,67,No,D
trk_00613,Woh Sapno Ka Rang,Anirudh Ravichander,Pop,0.6048773701098842,0.6575731597404928,0.8455815026069907,123.3289172022704,0.100617143449689,-3.1966264949582435,0.4162768614722411,178,2:58,41,No,C
trk_00614,Tera Dil Mein Tu,Monali Thakur,Country,0.4798622394777544,0.4467994343667626,0.7298912064809363,127.81902916514171,0.3055183982273491,-7.699822669307487,0.4586225237096625,186,3:06,48,No,B
trk_00615,Tera Tanha Ke Rastey,A.R. Rahman,R&B,0.6036389218847577,0.5128852835204651,0.399396574399903,77.87342867376687,0.3125554028361534,-8.09811535039309,0.3826501704273498,223,3:43,30,No,D
trk_00616,Yeh Safar Ke Geet,Papon,Pop,0.6720500344032215,0.6872372755193448,0.7031280446291781,114.58027341113724,0.0,-3.3842352072614186,0.556132098387725,189,3:09,59,No,F
trk_00617,Tera Tanha Ki Chaahat,Neha Kakkar,Rock,0.8744839204099953,0.6275205736432445,0.4767325960684742,124.11370836310702,0.0,-4.139584776747533,0.3229157401649124,207,3:27,65,No,C
trk_00618,Woh Ranjha Waala Pal,Arijit Singh,Electronic,0.8339363362566204,0.7809942672934281,0.5907939493553875,120.97109849921006,0.0892585766048291,-3.7459039536904366,0.1927780761483115,222,3:42,68,No,E
trk_00619,Mera Noor Ka Safar,Guru Randhawa,Electronic,0.860972897814539,0.752063977818717,0.6022848260913539,132.06085223676783,0.028655758368127,-5.51543140252952,0.1189649066077011,247,4:07,70,Yes,F
trk_00620,Mera Junoon Ki Baarish,Kavita Seth,Pop,0.8325265829684942,0.8736487381496638,0.6505159756130784,103.44980313348184,0.1859307940363215,-3.629347583888835,0.2218551432989116,217,3:37,40,No,C
trk_00621,Mera Rangeen Ki Chaahat,Guru Randhawa,Pop,0.6477936303392676,0.6536560695198009,0.7860425623915651,121.02887520686444,0.2211968672400671,-1.202567885050311,0.431296851587567,246,4:06,33,No,F
trk_00622,Woh Junoon Ka Nasha,Atif Aslam,Rock,0.7953451049664236,0.562213827311098,0.6913025192589453,121.23016873709818,0.0313393625717341,-3.777449212545434,0.7282013584391422,199,3:19,55,No,A
trk_00623,Mera Manzil Ka Nasha,Dhvani Bhanushali,Hip-Hop,0.6766608385391548,0.8292709826049475,0.4765926024204005,109.65565652365964,0.12740830227214,-5.425253965177392,0.3766894692435113,170,2:50,90,No,C
trk_00624,Tera Ishq Mein Tu,AP Dhillon,Jazz,0.3675230978258179,0.4587212339050525,0.5283518099845579,115.81670072888794,0.6488729920358242,-10.93564874939634,0.2657677188014432,187,3:07,67,No,C
trk_00625,Woh Parwaaz Mein Tu,Pritam,Rock,0.8315872991495462,0.6861559707672795,0.571337409990853,128.30785990176295,0.2065428250434365,-3.286673297914477,0.3034122772758366,124,2:04,10,Yes,B
trk_00626,Tera Mausam Ke Rastey,Arijit Singh,Hip-Hop,0.6663750572259799,0.857744099941937,0.3759569533953164,94.22172230039274,0.0743861107024768,-5.16795099223727,0.2818040033709481,202,3:22,18,No,E
trk_00627,Yeh Bekhayali Waale,Yuvan Shankar Raja,Electronic,0.8563833765652732,0.8134066106674429,0.6408746793885604,146.767203513092,0.0338015087907351,-7.252322636057227,0.1054529518891025,225,3:45,64,No,A
trk_00628,Tera Silsila Ki Baarish,Kailash Kher,Pop,0.7837825915931989,0.7857927699984882,0.66332892789827,115.95243440919846,0.1477135398711141,-5.6016699068943945,0.5150388947853918,197,3:17,27,Yes,F
trk_00629,Yeh Rangeen Waale,A.R. Rahman,Rock,0.7655279029232092,0.4825620292596099,0.4428100602977923,127.65818671169512,0.0712240931221336,-4.7688701556201405,0.1325414391379613,241,4:01,60,No,G
trk_00630,Tera Khwaab Waala Pal,Diljit Dosanjh,Electronic,0.8015030036910797,0.7820083681611957,0.5442633672172384,134.47580318209177,0.0674490844032445,-8.06544248165384,0.4358588120814234,197,3:17,54,No,B
trk_00631,Mera Khwaab Ka Ehsaas,Pritam,Country,0.4435534460900379,0.5881717850840036,0.6305674224124086,116.13193124576978,0.3448069813803983,-5.736230337645706,0.1958591010596353,202,3:22,32,No,A
trk_00632,Tera Parwaaz Ka Nasha,Neha Kakkar,Hip-Hop,0.7519260354357711,0.7386130776926283,0.5454660545363403,93.33553990530062,0.1684937401433864,-7.968389389988053,0.2626474034892767,206,3:26,64,No,G
trk_00633,Yeh Safar Ka Safar,Hariharan,Hip-Hop,0.775284833120027,0.7666685005491997,0.4513638727035988,99.86960639429678,0.0275675168316313,-5.714051106553184,0.1847569258612033,249,4:09,54,No,E
trk_00634,Mera Fanaa Waale,Sonu Nigam,Pop,0.5828812667103367,0.959018482476606,0.702962531666279,98.36827090118676,0.2457675621007164,-6.127082754024312,0.4086527769939423,217,3:37,73,No,D
trk_00635,Woh Fanaa Waale,Javed Ali,Hip-Hop,0.8002269272618513,0.7585935567199678,0.7064318370625922,91.45220112649643,0.0630966913765395,-7.232880498860629,0.2559162953907526,238,3:58,66,No,E
trk_00636,Tera Nazar Waala Mausam,Kavita Seth,Hip-Hop,0.560399493415956,0.8363633233161533,0.4569147700399666,92.2045354760608,0.0046066870706678,-3.502123089267453,0.5964491354872948,193,3:13,54,No,C
trk_00637,Tera Sapno Ke Geet,Prateek Kuhad,Rock,0.8888059168420895,0.5450972810751707,0.726715630079567,122.85357191898788,0.1115345593207143,-2.696308694172709,0.0554237117397509,286,4:46,38,No,D
trk_00638,Mera Dooriyan Ki Dastak,Shaan,Rock,0.8102651968081889,0.3706447854256788,0.3999885428112153,119.69214036899588,0.0738889985632022,-1.2988808961458211,0.1830887453731516,250,4:10,53,No,D
trk_00639,Mera Chaand Ki Chaahat,Diljit Dosanjh,Rock,0.8869614795900016,0.640861949344592,0.5349104443005074,134.71270136705354,0.1596819162386253,-4.941310004116109,0.0388003597982623,222,3:42,41,No,F
trk_00640,Yeh Silsila Ki Roshni,Diljit Dosanjh,Pop,0.95084730109817,0.7947216801557102,0.6620526192027372,113.16707897687728,0.1980349262100673,-6.2399322767707215,0.1859098273698951,201,3:21,26,No,C
trk_00641,Mera Ishq Ki Kahani,Rahat Fateh Ali Khan,Rock,0.8336746840900616,0.4556176520308668,0.3622655216051238,116.6500953223888,0.0968494961683881,-2.6008703561421096,0.6457849006832943,198,3:18,65,No,G
trk_00642,Woh Noor Ke Rastey,Jonita Gandhi,Pop,0.9637611629379224,0.8506483329990284,0.7381661857814752,121.34929025895488,0.2770539142536763,-7.049729480953049,0.0522191867397231,250,4:10,42,Yes,F
trk_00643,Woh Silsila Ki Chaahat,KK,Rock,1.0,0.512434358488113,0.6665064294416023,120.74572256816604,0.0882410679868015,-2.501073039648237,0.8008631519748443,225,3:45,16,No,G
trk_00644,Tera Mausam Waala Pal,Hariharan,Pop,0.8295714447865359,0.8307806458545306,0.695321087633677,118.02744389691948,0.19015358064324,-4.24810531677469,0.0933086975945986,243,4:03,58,No,D
trk_00645,Tera Sapno Ki Roshni,A.R. Rahman,Country,0.7830649313469144,0.52018474738001,0.566952176160237,104.3179746966733,0.2374624453952353,-7.114358525980896,0.4762807054554744,181,3:01,55,Yes,A
trk_00646,Yeh Roshni Ki Chaahat,Pritam,Jazz,0.4063702359765771,0.5001900233700672,0.5465420078093652,113.14971871555332,0.6171986253963638,-9.314859069356356,0.2420749918893055,216,3:36,62,No,F
trk_00647,Yeh Zindagi Ki Raahein,Pritam,Classical,0.0658080921068456,0.2948045229099222,0.4337618016987493,86.55016838042933,0.9181623088311156,-16.88781409951464,0.327557756310986,154,2:34,53,No,A
trk_00648,Woh Rangeen Ki Baarish,Kavita Seth,Electronic,0.8388424613677506,0.7640003774848912,0.7412759475601327,127.59636628552016,0.0888076024882561,-4.942850716886561,0.0853942616305505,227,3:47,67,No,G
trk_00649,Tera Barsaat Mein Tu,Javed Ali,Hip-Hop,0.672981998976759,0.6325772850908031,0.4750926120536877,94.77402166955098,0.1591839476742008,-7.246959197460427,0.2824160447854218,232,3:52,64,No,F
trk_00650,Yeh Ishq Mein Tu,Javed Ali,Pop,0.7728773380024682,0.8042423969532102,0.6029243328489039,133.57905432318356,0.2294102482383543,-7.017391680597759,0.1398096941904214,161,2:41,59,Yes,B
trk_00651,Mera Zindagi Ka Junoon,Javed Ali,Hip-Hop,0.6933834065453565,0.7854660287356577,0.4668862087574885,112.09908681407708,0.1333956819186575,-6.619681679214452,0.2377359165866799,177,2:57,83,No,G
trk_00652,Yeh Barsaat Ki Baarish,Vishal-Shekhar,Jazz,0.3210603580779783,0.3345105963834128,0.3960313612323535,105.79731725889144,0.7649640922405487,-11.603114389159776,0.2388187710288799,224,3:44,58,No,E
trk_00653,Woh Saathiya Waala Mausam,Anuv Jain,Electronic,0.600600537332076,0.6675182803707135,0.6485838831556331,141.22935924483792,0.033965229864451,-4.231424676691102,0.1322743866346439,222,3:42,23,No,G
trk_00654,Tera Junoon Ki Raahein,Jubin Nautiyal,Hip-Hop,0.6112590637198857,0.6356798920143414,0.3431718525261539,99.80324374875048,0.0599170296114222,-5.653703384807868,0.45378599468165,148,2:28,0,No,C
trk_00655,Woh Khwaab Ki Roshni,Arijit Singh,Pop,0.6782337724027878,0.8066071557309981,0.6927904968523972,126.64948838011637,0.0594301735657872,-4.740736534075468,0.3848421540430069,248,4:08,52,No,G
trk_00656,Tera Zindagi Waali Shaam,Guru Randhawa,Rock,0.729085186712072,0.2527554341905652,0.643776089709694,125.31628706041032,0.1285303692881282,-1.8594866459514077,0.3249830146274958,223,3:43,89,No,G
trk_00657,Woh Sapno Waale,Kavita Seth,Rock,0.8124780769866102,0.6148762396378546,0.5567664373998041,117.10502807845214,0.1425099544057527,-4.177207907352559,0.2534893869713545,159,2:39,37,No,G
trk_00658,Woh Noor Waali Shaam,Guru Randhawa,Classical,0.211301188229112,0.1931863797935479,0.4432264864211081,102.31379321271658,0.923149945295686,-16.140752186470653,0.1977567653003366,261,4:21,55,No,C
trk_00659,Mera Parwaaz Ki Chaahat,Divine,Jazz,0.5412723609968757,0.5126146507826435,0.5965468295677343,115.59699064220976,0.6928206779686612,-11.520131171228735,0.6467245783275667,169,2:49,20,No,B
trk_00660,Mera Aasman Ki Roshni,Kailash Kher,Rock,0.8267832595440257,0.5501942187957192,0.7825292515923723,114.35288060632692,0.0,-4.103946480274334,0.310034182219469,158,2:38,41,No,D
trk_00661,Mera Aasman Waala Mausam,Palak Muchhal,R&B,0.5461198831374215,0.7079657483612101,0.6395234202427419,91.86399585144652,0.0877768535749364,-8.85060775057283,0.3303472993684557,228,3:48,50,No,A
trk_00662,Mera Rangeen Ki Raahein,Dhvani Bhanushali,Jazz,0.5327963034685462,0.5568907459285044,0.4015570416973669,113.37878561109788,0.6127051193334739,-11.264544039593678,0.0792796274522463,184,3:04,31,No,E
trk_00663,Tera Sapno Ki Kahani,Ritviz,Rock,0.7451718434751528,0.5326270371056102,0.6593812632237891,124.8945685319711,0.1613031654007145,-2.5712673092730567,0.3241527295329485,170,2:50,64,No,F
trk_00664,Yeh Mausam Ki Dastak,KK,Pop,0.5613012926217393,0.7666653181103875,0.534627628199315,121.20129164976936,0.2102407936851316,-2.725625339870924,0.3410074973699329,197,3:17,42,No,F
trk_00665,Yeh Saathiya Ka Nasha,Rahat Fateh Ali Khan,Pop,0.7475679409961271,0.6485539235180791,0.7080118647677576,129.08238561099913,0.2973239581116293,-6.042203152307963,0.5808569729222937,148,2:28,63,No,A
trk_00666,Mera Nazar Ka Nasha,Jubin Nautiyal,Rock,0.9613286527771788,0.5600017260643353,0.7911580162947729,108.28998280800089,0.0955269198356111,-5.875380102880516,0.251286345154412,179,2:59,71,No,E
trk_00667,Mera Tanha Waala Pal,Javed Ali,Pop,0.712726521256778,0.8930622205728544,0.8252748169610943,138.3406901895683,0.1829085609645943,-5.092466062446918,0.0622031750029101,184,3:04,45,No,F
trk_00668,Tera Sapno Ka Nasha,Kavita Seth,Pop,0.5731646710729393,0.730701863223931,0.4861461901618205,94.5696089834816,0.1008769470760471,-5.29711044522404,0.4975477321374921,229,3:49,32,No,G
trk_00669,Woh Ishq Ki Roshni,AP Dhillon,Rock,0.753922044175511,0.5391881262245585,0.4258482448472014,134.50667628792087,0.1340728773681129,-5.605999609285267,0.1448035468881627,238,3:58,40,Yes,F
trk_00670,Yeh Dil Ki Raahein,King,Pop,0.7489794399609068,0.8201937740476684,0.5919450426436662,114.39193506160822,0.2517816302213239,-5.868908925932663,0.6118596388712518,148,2:28,62,No,F
trk_00671,Mera Aasman Ki Kahani,Kavita Seth,Country,0.451425192549797,0.3848248832491545,0.6541228959730726,120.61775484521688,0.2936829383829615,-7.265282740112424,0.4307783192512389,214,3:34,59,No,C
trk_00672,Yeh Roshni Waala Mausam,King,Pop,0.6156624987588596,0.788698629839311,0.8055682834069436,110.63490346065343,0.1873091172940479,-5.658601847949319,0.241033690700229,227,3:47,57,No,B
trk_00673,Mera Sapno Ke Sang,Mohit Chauhan,Hip-Hop,0.8059476167426842,0.8110896430163412,0.7083863423319299,100.91657083935443,0.1468975655241084,-7.579746223755203,0.5358015181795516,207,3:27,35,No,D
trk_00674,Woh Chaand Ki Chaahat,Neha Kakkar,Hip-Hop,0.7432579322084848,0.7795500341230164,0.669567301220485,85.74969352761384,0.0428152975835189,-5.27824266363116,0.1224214731598372,202,3:22,51,Yes,F
trk_00675,Mera Parwaaz Ki Kahani,Hariharan,R&B,0.4827867341502674,0.7061860659290274,0.648100383054965,79.85838734745033,0.194241918588515,-6.356976208401914,0.086235489406256,151,2:31,64,No,B
trk_00676,Yeh Saathiya Ki Baarish,Sonu Nigam,Pop,0.7656327915521103,0.9024593030042564,0.7440957596867098,125.26181320995336,0.0,-6.371494395464284,0.2307791501921802,225,3:45,67,No,A
trk_00677,Tera Zindagi Mein Tu,Sid Sriram,Hip-Hop,0.7668993521104138,0.734316453130557,0.3706021920044926,98.5891758374066,0.0,-3.2270053965501746,0.0420760139136026,237,3:57,30,No,E
trk_00678,Yeh Khwaab Ka Safar,Neha Kakkar,R&B,0.4118230811432296,0.6361150009521829,0.3633126190860378,65.41830569450981,0.1715388125069969,-8.17048526374856,0.4703436575252488,153,2:33,7,No,C
trk_00679,Mera Dil Ka Ehsaas,Sonu Nigam,Country,0.4826460352102757,0.6062910660285086,0.6371066141846901,104.23134592996338,0.4550778529060189,-8.044691634680033,0.5203152740060818,198,3:18,58,No,A
trk_00680,Mera Manzil Waala Mausam,Anirudh Ravichander,Electronic,0.8433835240088877,0.5611630751749417,0.6866432350027732,109.62772093075937,0.1099056944944622,-5.812839768133266,0.2016902053751421,115,1:55,27,No,C
trk_00681,Mera Sapno Ka Nasha,Divine,Rock,0.8663644776002868,0.5608602163930589,0.4659982197888055,127.37819945679423,0.0809619349500083,-4.455159080705488,0.2471576039106159,146,2:26,62,No,E
trk_00682,Yeh Fanaa Waali Shaam,Diljit Dosanjh,Pop,0.773406599105568,0.7911732105488908,0.6671947003146759,123.83975795513874,0.1543745820654607,-5.112530569619702,0.0604483196072437,209,3:29,42,No,A
trk_00683,Woh Silsila Ka Junoon,Divine,Classical,0.164439063142344,0.2349261500621947,0.3574509454315239,99.44989103368654,0.9330970170897048,-16.709349592948914,0.199396707712725,187,3:07,44,Yes,C
trk_00684,Woh Tanha Ka Rang,Kavita Seth,R&B,0.6725395232859673,0.940157451548402,0.6571650589236009,92.34323293179914,0.3112797079848317,-9.623028047454488,0.1076540622188696,223,3:43,46,Yes,D
trk_00685,Mera Parwaaz Ki Raahein,Vishal-Shekhar,Jazz,0.3712062305039343,0.2467859223128573,0.7199050320193963,108.89439638161214,0.7465222903710422,-13.643294414261394,0.1208904056430439,174,2:54,57,Yes,C
trk_00686,Woh Safar Ki Roshni,Dhvani Bhanushali,Jazz,0.3687126333381282,0.5954749535370589,0.7756913375443178,115.46889703451684,0.6478481423808924,-10.80342625405824,0.4111256697372513,252,4:12,38,No,B
trk_00687,Yeh Zindagi Ki Chaahat,Jubin Nautiyal,Rock,0.8645818098021288,0.5669438371542468,0.5365448267666386,108.86659665277196,0.0227963535539056,-2.655250494699751,0.1431112268194041,254,4:14,24,No,E
trk_00688,Tera Noor Ke Geet,Jubin Nautiyal,Electronic,0.7001349309652194,0.6213625407947657,0.5019358716597583,134.90418585490207,0.0727508570290875,-8.903658496259439,0.3412863492955961,222,3:42,71,No,E
trk_00689,Woh Chaand Ke Sang,Sunidhi Chauhan,Pop,0.7196885678483285,0.8256286728602229,0.6494763584965005,103.02451038839838,0.2110594279135504,-2.876977779502531,0.4600899890488855,199,3:19,53,Yes,E
trk_00690,Tera Roshni Ka Nasha,Shankar Mahadevan,Rock,0.8406795964592746,0.4280587787173198,0.6409434362123652,125.26135206592956,0.07159756742852,-5.0740399363165976,0.1856923505653344,210,3:30,55,No,D
trk_00691,Mera Junoon Ka Safar,Neha Kakkar,Hip-Hop,0.6851777111156879,0.8505261343174202,0.455957286233403,91.09590813578367,0.2375005847547167,-4.590396777379343,0.1257772231384011,215,3:35,73,No,G
trk_00692,Tera Manzil Ka Safar,Hariharan,Hip-Hop,0.7540384047773664,0.9936277112644564,0.4344531578640673,89.79597009760549,0.0119172382632346,-7.604913827092676,0.2747923642762847,225,3:45,89,No,B
trk_00693,Woh Zindagi Ka Rang,Kavita Seth,Rock,1.0,0.7113683868623553,0.5429479694857428,130.10357139371362,0.130236451429022,-4.551231742841146,0.4377800454322214,144,2:24,64,Yes,E
trk_00694,Tera Parwaaz Waala Mausam,Dhvani Bhanushali,Pop,0.7964112790922095,0.5977692817536314,0.5575616304894573,115.0812039418298,0.1881127486673625,-6.191857067559274,0.228071943992951,218,3:38,15,No,D
trk_00695,Yeh Sapno Ki Kahani,Jonita Gandhi,Jazz,0.4919791324050006,0.340420810093309,0.4595152903668682,97.05702934910092,0.6293246036249432,-11.476412944973898,0.1662003736478248,218,3:38,42,No,B
trk_00696,Tera Rangeen Waala Pal,Yuvan Shankar Raja,Rock,0.8782935630881525,0.5331068475764938,0.5935556320363162,122.7091393127663,0.0878900737625894,-4.687826905368966,0.4849276022463298,252,4:12,54,Yes,E
trk_00697,Tera Aasman Ka Junoon,Sunidhi Chauhan,Jazz,0.3870131673252721,0.4120450465232323,0.5447231108555349,101.25288416790616,0.6386693552659278,-8.52124555386057,0.4842870156783341,226,3:46,33,No,B
trk_00698,Yeh Parwaaz Ke Geet,Guru Randhawa,Pop,0.6430002109490645,0.7050876768846713,0.6654575626502924,127.98367118870968,0.2417999397262813,-7.872698381515949,0.3007935001657259,202,3:22,18,No,A
trk_00699,Woh Dooriyan Ke Rastey,Sunidhi Chauhan,Hip-Hop,0.7076468715540293,0.8176769471987085,0.5985367584977465,125.61135784893348,0.0483207468082407,-7.5833537068643375,0.3240923651653976,182,3:02,47,Yes,E
trk_00700,Woh Parwaaz Ka Rang,Sonu Nigam,Hip-Hop,0.711845954873922,0.6868113621467402,0.627759062048977,117.79312834848022,0.056438232734989,-6.977530378036804,0.296936636630654,221,3:41,88,No,E
trk_00701,Woh Fanaa Ki Chaahat,Vishal-Shekhar,Pop,0.6822709664883657,0.8430971885852448,0.8867056937790294,104.19302378299564,0.1933250241230682,-4.905814895249312,0.2875843171852791,203,3:23,60,Yes,C
trk_00702,Tera Manzil Waale,Neha Kakkar,Rock,0.8628952047945548,0.4971994036418148,0.3370974458177963,121.70433405224055,0.0,-6.477103412733548,0.4107523548148397,200,3:20,37,No,B
trk_00703,Tera Parwaaz Ki Raahein,Dhvani Bhanushali,Pop,0.6009335453702067,0.7722715839622285,0.7864910511128144,120.67553176324756,0.1815106796780696,-3.453147642388997,0.3449333241906739,173,2:53,65,Yes,D
trk_00704,Tera Sapno Mein Tu,Diljit Dosanjh,Pop,0.8026902828683373,0.5834996764919163,0.6008410644621591,107.08014645118531,0.1753876804602727,-3.385235733314966,0.4115434006706047,164,2:44,66,No,F
trk_00705,Yeh Tanha Ki Roshni,Hariharan,R&B,0.554811882013253,0.752052376000127,0.300338935779338,79.51313388364403,0.4094908388195667,-9.436574746834111,0.2629075029605744,209,3:29,53,No,A
trk_00706,Woh Parwaaz Ki Kahani,Nucleya,Rock,0.8415424442651983,0.4540139059011808,0.4879273359577534,122.9982397084004,0.0209048224922459,-5.250706918580962,0.1042564404624357,278,4:38,31,No,B
trk_00707,Mera Dooriyan Ka Junoon,Vishal-Shekhar,Electronic,0.9118776815253296,0.6939969825512229,0.6188597621928317,132.71136231460784,0.0117970769846443,-7.585046757260425,0.3462526776283263,265,4:25,58,No,E
trk_00708,Tera Yaadein Ke Geet,AP Dhillon,Rock,0.8964879220816044,0.608959293365992,0.571776666023037,122.7876844216125,0.0823819012350782,-2.8722045951497472,0.1391687168725903,236,3:56,56,No,A
trk_00709,Yeh Silsila Ka Nasha,Armaan Malik,Classical,0.3277735047247854,0.3074685842636885,0.4027000465894528,97.6379977236326,0.8686663512396774,-18.823781127201197,0.4761555572749732,207,3:27,21,No,C
trk_00710,Tera Dil Ke Geet,Badshah,Electronic,0.6439829174870056,0.9317324144370952,0.550648748341982,127.45616996826892,0.0,-6.0932040997039625,0.3062927202672788,250,4:10,50,No,D
trk_00711,Yeh Dooriyan Waala Pal,Prateek Kuhad,Jazz,0.3565205306627783,0.5315594244596163,0.3552430045595723,97.86536639847075,0.687798797708253,-12.757900893834792,0.0243055829794964,212,3:32,0,No,G
trk_00712,Yeh Yaadein Ki Kahani,Anirudh Ravichander,Hip-Hop,0.735430938151886,0.8903520683803502,0.4535010422113479,102.1250444209216,0.0248536745535942,-8.115701124619163,0.1844001454624181,220,3:40,44,No,G
trk_00713,Tera Mausam Ki Baarish,Sid Sriram,Hip-Hop,0.8471748219718814,0.8191547953498932,0.6350741332799462,96.76113117609523,0.1348724501169814,-6.899019622783721,0.3860354879247517,283,4:43,57,Yes,E
trk_00714,Mera Dil Ka Nasha,Guru Randhawa,Rock,0.9387898818933716,0.3417075837282547,0.6058412792749452,116.45644104951866,0.0089403243152056,-5.077298140758643,0.4457565102870697,168,2:48,78,No,D
trk_00715,Yeh Bekhayali Ka Junoon,Monali Thakur,R&B,0.6326145616040516,0.7121652659591586,0.5478455362148413,86.29977534162755,0.2276519802354462,-8.556396655411502,0.1889423576642676,222,3:42,60,No,F
trk_00716,Yeh Ranjha Ka Ehsaas,Jubin Nautiyal,Electronic,0.8499558908249203,0.8084442437381738,0.6345780049848305,129.5884807267892,0.1451044992954525,-6.997568877004668,0.2364307527389424,216,3:36,12,No,C
trk_00717,Tera Noor Ki Dastak,Anirudh Ravichander,R&B,0.3612684035681262,0.6723003687048043,0.4348885749950545,103.76572433323562,0.1815518222553807,-6.994448891189721,0.2448321552903682,230,3:50,72,Yes,F
trk_00718,Tera Ishq Ka Safar,Dhvani Bhanushali,Pop,0.9894156742500976,0.7376776587071269,0.72049714285816,114.38183910995308,0.2733847710132765,-1.09302084064724,0.5861201319151053,179,2:59,73,No,D
trk_00719,Yeh Dooriyan Ke Sang,Monali Thakur,Electronic,0.7364392350803993,0.7122849559621077,0.6308052203223516,107.10568556193388,0.0,-8.255359724373406,0.0859982421632264,229,3:49,38,Yes,E
trk_00720,Yeh Ranjha Ka Junoon,Sonu Nigam,R&B,0.5625545279299764,0.6618441078404768,0.5018694816571462,92.45432724223784,0.1622678043519187,-6.855406976392168,0.4565885625674324,272,4:32,40,No,F
trk_00721,Woh Chaand Ke Paar,Sonu Nigam,Pop,0.725636994428207,0.6735250299794278,0.583564060468718,125.3992076024655,0.0705662015975944,-4.306221140611883,0.2158738155351672,205,3:25,100,No,G
trk_00722,Yeh Chaand Ke Sang,Alka Yagnik,Pop,0.588582366503516,0.9928934738076904,0.6848360802332634,120.2280210171886,0.101656845471268,-7.353321939535082,0.2149365493564572,217,3:37,54,No,F
trk_00723,Woh Safar Ki Kahani,Shaan,Electronic,0.6337475497863908,0.57030110111357,0.5552071370405575,107.2828488027596,0.0,-8.052373867471523,0.2952864833750584,202,3:22,56,No,G
trk_00724,Yeh Mausam Ka Nasha,Papon,Jazz,0.3207039554913573,0.4189884169220774,0.6752462734650945,119.33083577065182,0.6230589406211139,-12.5767235558799,0.2007298980437606,179,2:59,72,No,B
trk_00725,Tera Dooriyan Ke Sang,Sunidhi Chauhan,Country,0.7038400741223244,0.476662884557857,0.4688912715123657,112.90230275679129,0.4535763927689755,-5.082956212026808,0.1327064534987576,239,3:59,56,No,F
trk_00726,Yeh Yaadein Ka Ehsaas,Kailash Kher,Pop,0.7429384189678491,0.7736190461505498,0.7999064967083441,116.05540268798195,0.2241947315146726,-2.59306293791758,0.2004938886594491,232,3:52,34,No,G
trk_00727,Woh Dil Waale,Neha Kakkar,Electronic,0.7187431432627127,0.6121619796660691,0.5586020380132454,132.59633548438592,0.0,-7.039618181507359,0.2156208226694123,245,4:05,81,Yes,F
trk_00728,Tera Nazar Waali Shaam,Atif Aslam,Pop,0.7354966308471578,0.737831131431273,0.7489715270283933,108.96706889220891,0.2247313153786955,-4.349821337450779,0.1245017404495247,104,1:44,81,No,E
trk_00729,Woh Silsila Ki Baarish,Alka Yagnik,Pop,0.8737464591733539,0.9078342677497284,0.8054385820216454,131.48693198645512,0.3095298992587552,-4.675167892432691,0.079718936448508,224,3:44,51,No,G
trk_00730,Mera Manzil Ki Raahein,Papon,Pop,0.8120711753105179,0.6073287694233369,0.6642506406402314,137.44828641568105,0.1376508741780893,-3.4495574967687253,0.383633435647767,138,2:18,68,No,C
trk_00731,Yeh Aasman Ka Safar,A.R. Rahman,Electronic,0.9915219635669948,0.7023691517376661,0.6059997159513032,119.46341961673704,0.0,-7.489491530357594,0.4296807806284382,176,2:56,100,No,A
trk_00732,Woh Nazar Ki Roshni,Jubin Nautiyal,Classical,0.2040258604936961,0.2660911705473173,0.411521112159646,92.02074506161313,0.8996638467687076,-13.441956465230374,0.1316879621607802,171,2:51,44,No,G
trk_00733,Mera Yaadein Waala Mausam,Rahat Fateh Ali Khan,Hip-Hop,0.6447209082454819,0.7404694302306019,0.6723027756903077,97.84566790474526,0.0351159318382185,-6.376250507716846,0.5357936722578617,191,3:11,38,No,G
trk_00734,Woh Saathiya Ka Nasha,Palak Muchhal,Rock,0.8098127538524075,0.4675779215076484,0.4222909745308568,125.7993675254709,0.011265643209043,-4.3987763852265305,0.3706334794380468,216,3:36,61,No,F
trk_00735,Tera Tanha Ki Kahani,Prateek Kuhad,Country,0.4635569686326463,0.6192775769708239,0.6254351319773255,101.1350510967721,0.2849068339889957,-8.154499613517082,0.472327772241094,205,3:25,23,Yes,B
trk_00736,Yeh Barsaat Ki Roshni,Monali Thakur,Hip-Hop,0.6128754188185489,0.7979160447228762,0.6748667690079148,100.20604718161005,0.103284152082109,-7.979611227050992,0.2865120205337589,205,3:25,62,No,E
trk_00737,Mera Fanaa Waala Pal,Guru Randhawa,Electronic,0.7028282820723073,0.6304782855847444,0.6871487847925157,116.3640859497928,0.0660843989848455,-6.518314112126236,0.0859204018530109,227,3:47,56,No,D
trk_00738,Mera Fanaa Ke Sang,Ritviz,Hip-Hop,0.7063240514463763,0.8318462838149628,0.5114760622667726,90.41855726235774,0.1505296291533652,-6.376675289103112,0.3575622421543755,207,3:27,67,No,C
trk_00739,Tera Saathiya Ka Rang,Raftaar,Rock,0.9448649896410104,0.4438153887082233,0.532013217993722,126.21515072998872,0.2263250036986914,-5.9177291604193485,0.3444996453990729,213,3:33,76,No,A
trk_00740,Mera Khwaab Ke Sang,Arijit Singh,Hip-Hop,0.7395765151525123,0.8106476304504828,0.483312128183695,107.64963559771658,0.0323170760121974,-5.429016867959584,0.0495205034310547,224,3:44,35,No,E
trk_00741,Yeh Rangeen Ka Rang,Sunidhi Chauhan,Rock,0.7889834329512244,0.5592834170633074,0.7569233631201064,112.87051565662392,0.065013632436745,-4.77003281079461,0.5057823421438977,220,3:40,53,No,E
trk_00742,Mera Barsaat Ki Chaahat,AP Dhillon,Electronic,0.9065102868732038,0.7805097832629584,0.682337030909012,111.88191779258678,0.1686850593300767,-6.3146362961317655,0.597669287093102,211,3:31,34,No,A
trk_00743,Mera Dil Ki Roshni,Palak Muchhal,Hip-Hop,0.4026693828707442,0.673436355491019,0.4102290820581605,97.91658933189046,0.1031471124514387,-6.2553356879567685,0.4858040325975447,223,3:43,46,No,C
trk_00744,Mera Junoon Ke Sang,Neha Kakkar,Rock,0.7531664136746441,0.5248305475735984,0.6402980052489062,122.11891401075692,0.1871417797544879,-3.426949441425984,0.3516176957993658,229,3:49,54,No,E
trk_00745,Tera Chaand Ke Rastey,Jubin Nautiyal,Country,0.4426840855168765,0.4746620419232609,0.7912917739266659,111.21035193154655,0.3361671910007615,-7.3580201673795855,0.1861263411741363,258,4:18,50,No,D
trk_00746,Tera Roshni Ki Baarish,Anuv Jain,Hip-Hop,0.6920671240857951,0.8750496000776478,0.4540727312803073,106.25672536684009,0.0,-5.324000718050804,0.1434699955289221,165,2:45,28,No,B
trk_00747,Woh Khwaab Ka Nasha,Anirudh Ravichander,Jazz,0.3458253744989511,0.4325556065714718,0.4603084896100954,96.68086889608914,0.7046371354039475,-10.16804193780229,0.1295733942887764,213,3:33,57,No,D
trk_00748,Yeh Silsila Ki Raahein,Mohit Chauhan,Country,0.574489730171273,0.5036157340344224,0.6631204211307057,101.48719197618806,0.3683808902791478,-8.296396590941482,0.1226353920966892,227,3:47,67,Yes,A
trk_00749,Yeh Ishq Ki Raahein,Divine,Classical,0.4346675362544994,0.3941902961761021,0.3566775378877256,98.07390410653905,0.8882434579650244,-19.79117405508651,0.2724640840299718,286,4:46,46,No,C
trk_00750,Yeh Yaadein Ki Dastak,Nucleya,Pop,0.8244529608301403,0.7290092208892038,0.7422178541096676,110.5084734513294,0.2196428434430601,-4.53692240870924,0.3316468530422563,188,3:08,76,Yes,E
trk_00751,Mera Yaadein Ka Safar,Yuvan Shankar Raja,R&B,0.4237154750231635,0.6621625080391728,0.39421504735114,90.32686234438576,0.2521205743500243,-7.332795502970637,0.1005593190085906,153,2:33,57,Yes,A
trk_00752,Mera Rangeen Ka Junoon,Neha Kakkar,Classical,0.1467535024031897,0.2408177123294713,0.3727206895222797,105.57390157649668,0.8165842072653371,-18.105840027100232,0.2214782688050235,209,3:29,50,No,G
trk_00753,Mera Bekhayali Ki Dastak,Vishal-Shekhar,Rock,0.902911510856372,0.4777611772172109,0.3934800858183473,129.76597033905728,0.0,-2.994647739112361,0.3224809697902606,170,2:50,31,No,B
trk_00754,Yeh Aasman Ka Nasha,Shaan,Pop,0.954700065677348,0.6897713645331589,0.6341540390382079,134.29588617431935,0.1262881078763054,-4.120025644491996,0.2339478156758417,207,3:27,59,No,C
trk_00755,Yeh Bekhayali Ka Nasha,Rahat Fateh Ali Khan,Electronic,0.9704110520866804,0.7514987535420501,0.6748908219820963,116.9529369441452,0.1311915473650407,-4.496243317676942,0.3125984737854702,224,3:44,25,No,C
trk_00756,Woh Zindagi Ka Ehsaas,Mohit Chauhan,Classical,0.2902639956992003,0.1867720870455103,0.2384468652121769,90.59852961379684,0.8861958993988106,-13.81481582336424,0.0605019407411243,241,4:01,56,No,C
trk_00757,Mera Bekhayali Ki Chaahat,Mohit Chauhan,Hip-Hop,0.6209046119461585,0.6477045528043552,0.2657868219685784,113.52290954070884,0.0562516085014424,-7.657001321591273,0.0856408156319395,273,4:33,56,No,E
trk_00758,Woh Rangeen Waali Shaam,Anuv Jain,Country,0.7339910999168884,0.6916973973837564,0.7948989499129445,97.63627247644,0.3153939394301536,-6.3824123391381375,0.2084548353549956,199,3:19,70,Yes,B
trk_00759,Yeh Safar Ki Chaahat,KK,Electronic,0.8302895262542932,0.6838283012182735,0.6214403730262886,92.244208998224,0.0140279844925748,-4.854145637136534,0.1343823631754433,187,3:07,70,No,B
trk_00760,Tera Zindagi Waale,Raftaar,Pop,0.804846327354057,0.8325414597823085,0.4928543245650532,116.39549956734366,0.1275911193799995,-5.420857559897829,0.1307103126932407,142,2:22,59,No,C
trk_00761,Mera Ishq Ka Rang,Javed Ali,Rock,0.8457668104339787,0.4335299094848986,0.5354709481131336,141.65560370432178,0.0962802735098753,-3.3249179932222805,0.2892807344886042,297,4:57,63,No,F
trk_00762,Mera Dooriyan Ki Kahani,Armaan Malik,Rock,0.9077516954607212,0.4372439480662198,0.3664318626205404,116.74858793528443,0.1060724084513989,-1.0155650203210893,0.7105593338001526,254,4:14,55,No,C
trk_00763,Tera Nazar Waale,Mohit Chauhan,Electronic,0.8977897895716481,0.6255423280079091,0.6787060788829667,126.75822930980438,0.0,-5.305354604004337,0.2084090516692286,250,4:10,40,No,D
trk_00764,Mera Dooriyan Ki Baarish,Palak Muchhal,Pop,0.9033068825851304,0.7434546021577828,0.8395453232496586,122.243594399233,0.1850217169042778,-5.36607105932061,0.2336084351406936,201,3:21,60,No,E
trk_00765,Mera Fanaa Ki Dastak,Sunidhi Chauhan,Jazz,0.4768440731326766,0.450146737144211,0.3174651812582206,97.78571501580925,0.5768795557164906,-12.70259351827593,0.1909654929710076,162,2:42,68,No,C
trk_00766,Woh Fanaa Ki Baarish,Vishal-Shekhar,Electronic,0.8163944944558027,0.9070138692821306,0.5400957602068883,118.81516014838884,0.1126772518659787,-4.9376006705139,0.3817381723039678,203,3:23,58,Yes,D
trk_00767,Woh Nazar Waala Pal,Prateek Kuhad,Country,0.4519611748516525,0.4566561486127007,0.6985731029328242,99.75681886030593,0.3053263865209973,-8.145921103366529,0.2194845990983568,278,4:38,36,Yes,D
trk_00768,Yeh Manzil Ka Rang,Diljit Dosanjh,Rock,0.8883823563831269,0.5053040784270447,0.5263000058957603,130.1988363049347,0.1029758557549014,-4.32339662700976,0.5041963741294002,194,3:14,34,No,B
trk_00769,Tera Chaand Ki Roshni,Anuv Jain,Electronic,0.6942063337991091,0.5237469505479078,0.5431136312357032,122.78336419450883,0.0271315235074055,-7.927631954799789,0.2272540672943017,172,2:52,35,No,G
trk_00770,Woh Noor Ki Chaahat,Nucleya,Pop,0.7237518952253111,0.7111826026455925,0.6945141991984172,123.31596027235229,0.3420589686979567,-3.711134125471864,0.1211575182875426,206,3:26,39,Yes,E
trk_00771,Yeh Dil Ki Kahani,Badshah,Country,0.6518704497521348,0.4990934610042082,0.2844290574881036,110.39751124200802,0.2658296189591944,-9.127551399647269,0.2385074914275364,216,3:36,70,No,F
trk_00772,Yeh Dooriyan Ka Junoon,Javed Ali,Pop,0.6596794076871634,0.7293356551551403,0.7035847521473797,114.03799676522272,0.1710829805541995,-4.617940860477078,0.1033357763929629,166,2:46,54,No,E
trk_00773,Mera Safar Waala Pal,Kailash Kher,Hip-Hop,0.7869836282982585,0.7128860050917254,0.7027581580644455,89.43304531125725,0.1058374708057491,-7.626192851465697,0.6644203270078398,213,3:33,67,Yes,B
trk_00774,Woh Dil Waali Shaam,Prateek Kuhad,Electronic,1.0,0.9495160672053516,0.5852786347488463,123.63397596216969,0.0,-6.050495616213689,0.2351842029375339,189,3:09,11,No,F
trk_00775,Tera Noor Mein Tu,Prateek Kuhad,Pop,0.6591782804482338,0.8169408214783815,0.6399830016356047,100.65656611275612,0.1247200564590616,-4.983429511341664,0.0990626983436263,203,3:23,84,No,D
trk_00776,Mera Fanaa Waali Shaam,Mohit Chauhan,Rock,0.6997191363965186,0.4441918395686132,0.5292151331414725,131.49187227854716,0.1251148275972281,-2.9785453645817146,0.2321961253630707,250,4:10,69,No,G
trk_00777,Yeh Junoon Mein Tu,Shreya Ghoshal,Electronic,1.0,0.6922381300863482,0.6042326631174364,118.72802551406926,0.0379859478884079,-6.734305007985848,0.3105909195768336,172,2:52,33,Yes,C
trk_00778,Woh Khwaab Waala Mausam,Jubin Nautiyal,Electronic,0.8711621734184173,0.8575551913363206,0.5321958887440208,106.07063684319824,0.0,-3.572432284663031,0.2137827719006971,188,3:08,70,No,E
trk_00779,Mera Rangeen Ka Nasha,Guru Randhawa,Classical,0.2417100009282841,0.3599211171146366,0.4216315352681814,86.02008225110778,0.9206473581281068,-16.8137648615721,0.1127851187352246,201,3:21,56,No,A
trk_00780,Tera Saathiya Ka Safar,Neha Kakkar,Classical,0.3577493811146164,0.2540445685005881,0.5592495701672086,63.193888659261646,1.0,-16.10203433605732,0.4403222720119403,168,2:48,25,No,A
trk_00781,Tera Saathiya Ke Rastey,Sonu Nigam,Jazz,0.4320476152260467,0.2427331049685999,0.6848527730018324,117.93261339727964,0.6200179131296005,-12.878674364275536,0.0292032510589992,176,2:56,4,No,B
trk_00782,Tera Yaadein Waali Shaam,Shankar Mahadevan,Rock,0.7973398271711539,0.391740959233595,0.4122182403582214,136.7122619809711,0.0,-5.863258041088702,0.2998896541939342,171,2:51,45,Yes,C
trk_00783,Tera Safar Ke Geet,Prateek Kuhad,Rock,0.8304669292136021,0.4774801495129581,0.5214982998653062,126.1807284244462,0.1868285699449504,-4.348620418175643,0.353302797442014,170,2:50,62,Yes,C
trk_00784,Mera Bekhayali Ke Geet,Sid Sriram,Pop,0.8275780029522325,0.7074604019441857,0.7452993718077896,90.87551404416922,0.2080866185805567,-1.1148617333685973,0.2867931944440051,199,3:19,62,No,G
trk_00785,Tera Mausam Ki Kahani,Hariharan,Country,0.5325333711321453,0.4384524497588934,0.6010137385571701,103.39313434319736,0.2445120511630504,-5.369597173250974,0.477806151106435,152,2:32,51,No,A
trk_00786,Yeh Yaadein Ke Geet,Yuvan Shankar Raja,Jazz,0.4507285507600639,0.6683114856432123,0.6403250432327422,117.8327021693673,0.7022452883812342,-10.212698633172035,0.4228617961355598,158,2:38,54,No,A
trk_00787,Tera Roshni Ke Paar,AP Dhillon,Hip-Hop,0.701495614083202,0.7568048170084065,0.162006971537635,87.21993091260154,0.0738166232735322,-8.654212168135475,0.1238151637729022,198,3:18,57,No,F
trk_00788,Woh Chaand Mein Tu,Armaan Malik,Hip-Hop,0.6299959104933558,0.8211567899936674,0.6765338177634136,97.88966700966904,0.0611987336502035,-7.414104183279676,0.2972671128304618,203,3:23,58,Yes,F
trk_00789,Tera Noor Ka Ehsaas,Anirudh Ravichander,R&B,0.5153646976340164,0.570115317402166,0.545464626282713,94.24885303393476,0.1369515848163178,-6.853043732568474,0.1969035054881136,275,4:35,82,No,A
trk_00790,Yeh Silsila Ki Chaahat,Jubin Nautiyal,Pop,0.6449009626902964,0.9086224532210084,0.6271349356488563,103.25839052210084,0.2485957239175333,-4.109088987116911,0.4047867459168935,256,4:16,25,No,G
trk_00791,Yeh Noor Ka Safar,Pritam,Jazz,0.2527464483139968,0.5268615437666961,0.5543568810089872,114.59507766638662,0.7568006015052474,-9.793642557975987,0.2465937942405346,256,4:16,20,No,B
trk_00792,Woh Yaadein Ka Junoon,AP Dhillon,Hip-Hop,0.4714979896067938,0.63880839826913,0.7005791261439991,105.83835889910895,0.0780657474063101,-7.262490925456443,0.1584069785641314,233,3:53,68,Yes,E
trk_00793,Mera Barsaat Ki Roshni,Mohit Chauhan,Jazz,0.2829221531333363,0.4290360006580838,0.6230189978413695,113.67199798775388,0.5974822903837053,-8.735714010951718,0.0994940557542345,159,2:39,92,No,A
trk_00794,Yeh Yaadein Ki Chaahat,Prateek Kuhad,Pop,0.6637190736391895,0.7579749667488498,0.6902207360848609,125.8209461101956,0.2587774764915844,-7.151323396035455,0.0919879950577378,197,3:17,25,No,C
trk_00795,Woh Dil Ki Kahani,Jubin Nautiyal,Country,0.3740650511216371,0.598412792003923,0.7110380652256904,114.70215742271218,0.3762298885048366,-12.636152981888776,0.5252908547076368,137,2:17,55,Yes,G
trk_00796,Tera Chaand Ka Ehsaas,Jonita Gandhi,R&B,0.5408924649489603,0.5322370341017582,0.6190493346395167,89.61565740261199,0.2814787207360852,-8.277823561569852,0.6161529832695058,214,3:34,87,No,E
trk_00797,Yeh Roshni Ki Raahein,Shreya Ghoshal,Jazz,0.2845177132273718,0.3824199146571505,0.4000628213749719,103.4709801482155,0.7074167551155275,-10.463636163756048,0.1159658510472644,250,4:10,43,No,D
trk_00798,Yeh Khwaab Ka Junoon,KK,Classical,0.2354455026360229,0.1603806683954114,0.401523011693525,101.37253246641684,0.965581445558039,-13.434624413324029,0.1447447878322868,249,4:09,68,Yes,D
trk_00799,Tera Safar Ka Junoon,Sunidhi Chauhan,R&B,0.6590845020531771,0.6038226646121548,0.5027822253361419,85.82303227460099,0.2109307800290309,-8.474208844459485,0.2142849300198599,150,2:30,71,No,F
trk_00800,Mera Ranjha Ki Kahani,Rahat Fateh Ali Khan,Electronic,0.7990384521636357,0.790564204325597,0.4943650129236868,119.431407727805,0.0900447737518118,-8.547268244062886,0.340258743582234,175,2:55,17,No,A
trk_00801,Mera Nazar Ki Baarish,Nucleya,Pop,0.7391383345061657,0.7383929189879517,0.8047679279598519,124.08984446492435,0.1835129289098229,-9.550984043217904,0.5197548756701067,178,2:58,44,No,F
trk_00802,Woh Fanaa Ke Paar,Prateek Kuhad,Jazz,0.4883062961203781,0.6226873403339546,0.4662133333031498,111.22630566981314,0.635507033983616,-13.325382495728917,0.2186773196681422,202,3:22,65,No,E
trk_00803,Mera Saathiya Ki Kahani,Shankar Mahadevan,Jazz,0.2946485838752675,0.5873376391879332,0.4578711530475591,102.84027974581568,0.647218174542196,-10.4813588723848,0.2014587604107084,192,3:12,48,No,G
trk_00804,Woh Zindagi Ke Sang,KK,Hip-Hop,0.6630886980077235,0.8820972792202266,0.5300149757250827,92.0511068529699,0.0,-4.846152668981025,0.3953547023922137,167,2:47,68,No,B
trk_00805,Mera Saathiya Ki Roshni,Guru Randhawa,Electronic,0.8462396034440596,0.6687025756032188,0.5467774080195462,126.72249134236203,0.0050270126452218,-8.133087745751897,0.393568654492921,241,4:01,44,No,G
trk_00806,Woh Silsila Waala Mausam,Vishal-Shekhar,R&B,0.7067791509795665,0.7689856951785495,0.5504919875022304,91.20608547613578,0.3029845517318374,-8.819249156327029,0.1348079896271526,227,3:47,27,No,G
trk_00807,Woh Fanaa Ka Ehsaas,Raftaar,R&B,0.6321921482415901,0.5981997815258254,0.5147622408232106,84.49466031799298,0.2006615912034878,-7.350223899092686,0.0429580332066132,207,3:27,87,Yes,C
trk_00808,Yeh Chaand Waala Pal,Sid Sriram,Hip-Hop,0.7104514036075821,0.8102583568843197,0.386487288173551,83.72021184488264,0.0065760650799995,-7.849058280792801,0.2233445589409774,179,2:59,62,No,C
trk_00809,Woh Yaadein Ke Sang,Vishal-Shekhar,Pop,0.7787529120153223,0.8084363489046178,0.5846421529878858,117.46115248712616,0.0905726246777888,-3.240526882136808,0.3074166768458255,286,4:46,35,Yes,E
trk_00810,Tera Zindagi Ki Kahani,Sunidhi Chauhan,R&B,0.6037619803519589,0.6443572879474921,0.3169777476005362,88.05210378716764,0.2255752677185148,-7.551200350866656,0.2590476407057669,222,3:42,43,No,A
trk_00811,Woh Chaand Ka Ehsaas,Dhvani Bhanushali,Electronic,0.8080362325963031,0.7079356965870165,0.5580137581052396,124.19192554912776,0.0,-6.539866640350008,0.5965612265974964,193,3:13,43,No,D
trk_00812,Yeh Roshni Ke Geet,Papon,Pop,0.7779240101221,0.6846151263520841,0.9545009137538942,133.52447547928313,0.0164378440564184,-7.894713369336599,0.3188103309624472,208,3:28,71,No,D
trk_00813,Mera Parwaaz Mein Tu,Yuvan Shankar Raja,R&B,0.5677989379603304,0.9434226417635904,0.362152342560931,82.52737022095027,0.2424910037520962,-12.413381618184232,0.0880019514836086,237,3:57,43,Yes,D
trk_00814,Woh Sapno Waali Shaam,Anuv Jain,Country,0.4797129224838381,0.5352534097035213,0.5334491823332922,92.89234578753307,0.2988434049998876,-6.323270770392066,0.2055930618758064,241,4:01,77,No,B
trk_00815,Yeh Tanha Ka Junoon,Javed Ali,Hip-Hop,0.5725363114144517,0.8451550426252573,0.4771123896315177,91.97588330443934,0.0981967822884598,-5.640009742309978,0.2419966287671201,203,3:23,24,No,C
trk_00816,Tera Yaadein Ki Chaahat,Ritviz,Jazz,0.5475375763710281,0.507726236720092,0.3758904485687185,101.7503931340876,0.5039344800131967,-9.088904624725776,0.0386675073993619,208,3:28,77,Yes,F
trk_00817,Yeh Roshni Waale,Armaan Malik,Hip-Hop,0.7396627939221456,0.7166858476671034,0.627915646367819,95.17832254529758,0.0830053486965801,-7.804007261657988,0.1045657202902729,188,3:08,57,No,B
trk_00818,Woh Junoon Ka Rang,Neha Kakkar,Pop,0.4792434306327892,0.6534029075388463,0.6025396633928404,111.36661676487698,0.0399880486367757,-4.694776994821568,0.3105854379196136,241,4:01,0,No,G
trk_00819,Mera Roshni Ka Ehsaas,Neha Kakkar,Rock,0.8199064707029866,0.3975473856424691,0.5650081737112583,126.3248554521259,0.127944369202625,-4.55171098242189,0.4402078416435395,177,2:57,64,No,C
trk_00820,Woh Junoon Waali Shaam,Divine,Electronic,0.7485619398509124,0.7164866665381839,0.6565742492625576,103.37919703122124,0.1565446863632991,-2.030653615103228,0.4743517900412665,242,4:02,55,No,G
trk_00821,Tera Dooriyan Ki Raahein,A.R. Rahman,Pop,0.7988077152519897,0.7363481344640385,0.7539269856472112,113.52853752117718,0.0782294650275416,-7.611392870105615,0.3776162724425159,215,3:35,52,Yes,G
trk_00822,Tera Sapno Ka Rang,Alka Yagnik,Rock,0.9202888830135824,0.3872409048791236,0.8438304385808868,113.9638378892819,0.1759410539425847,-3.3530742746705524,0.2215734097742741,254,4:14,44,No,B
trk_00823,Mera Ranjha Ki Roshni,Jonita Gandhi,Hip-Hop,0.4663930394978736,0.8326910864239175,0.4878310604333763,94.0199903321666,0.14478895878967,-3.4931063095445483,0.2713124829828752,231,3:51,70,No,E
trk_00824,Mera Fanaa Ki Kahani,Diljit Dosanjh,Hip-Hop,0.6537083620513673,0.908253700868291,0.4207822559196228,93.31662365762809,0.0991573591024348,-8.056263067243508,0.0750885607469978,216,3:36,35,No,D
trk_00825,Woh Parwaaz Waali Shaam,Shreya Ghoshal,Country,0.6022359055290952,0.3486330428964708,0.6699776893658864,91.2865415113216,0.2724744121837673,-8.522610734511998,0.2016369271543117,167,2:47,38,No,C
trk_00826,Tera Parwaaz Ke Rastey,Sonu Nigam,Rock,0.8536661028391435,0.4621305197531147,0.3979789870879613,119.00768319419429,0.1948573127671318,-6.104069435046594,0.0465721468353392,142,2:22,31,No,D
trk_00827,Mera Sapno Waali Shaam,Anuv Jain,Rock,0.8569529784371801,0.5257056969643868,0.4532918029529352,127.056178506945,0.0315423492197049,-3.398742043745353,0.0726500239872689,149,2:29,100,No,B
trk_00828,Mera Mausam Waala Pal,Arijit Singh,Electronic,0.7850121966477832,0.8312292449891727,0.6556467669068538,114.32499176119286,0.0387747017562272,-2.9732903268104547,0.3123410420915128,194,3:14,60,No,F
trk_00829,Mera Aasman Ki Baarish,Javed Ali,Hip-Hop,0.7169693157971283,0.8481967827052893,0.4088979744598995,86.78713615927141,0.1556397843727515,-6.11909457207824,0.3382095667806805,205,3:25,65,No,C
trk_00830,Yeh Zindagi Waali Shaam,Neha Kakkar,Rock,0.949997606893382,0.6501634618629973,0.574933821847146,125.90819565532966,0.1674645339546364,-5.349050919755884,0.2119488559434826,245,4:05,52,No,E
trk_00831,Woh Aasman Ki Dastak,Neha Kakkar,Hip-Hop,0.6688791710826318,0.6908953282805925,0.2350942921194374,92.37159500537608,0.1742469894849739,-7.686248977142901,0.4861441163356451,187,3:07,53,No,A
trk_00832,Mera Dooriyan Ke Sang,Guru Randhawa,Pop,0.5892628429666866,0.6208176754764961,0.7698201520931744,118.54477845773911,0.1443866640439036,-3.5855211700603284,0.2257149179011852,208,3:28,47,No,E
trk_00833,Woh Parwaaz Ka Ehsaas,Diljit Dosanjh,Pop,0.7496759901572344,0.7722979855314294,0.5551922822313917,120.63594080522232,0.1305338805301019,-4.464423777155462,0.2328531560034698,189,3:09,76,No,C
trk_00834,Woh Noor Ki Roshni,Prateek Kuhad,Hip-Hop,0.7779772810403127,0.8271225614199157,0.6640171360064339,102.37181306698577,0.1237596579902108,-4.008060781993556,0.3460102556680812,231,3:51,51,Yes,D
trk_00835,Woh Chaand Waala Pal,AP Dhillon,Hip-Hop,0.7508286535355624,0.6714777213145791,0.615411221784242,104.6325437658904,0.1078363306085431,-5.5348696374712025,0.2859854496154639,218,3:38,23,No,B
trk_00836,Yeh Rangeen Ki Dastak,Atif Aslam,Country,0.4891084070404296,0.455085044917413,0.5094504628355218,124.15750564696548,0.3280242368268313,-6.394911879849164,0.3636633059525055,167,2:47,63,No,E
trk_00837,Yeh Silsila Ka Rang,Rahat Fateh Ali Khan,Rock,0.9833400234332724,0.3628586637779068,0.3303949056779582,130.4264434005752,0.0530923964592602,-2.681852557510069,0.2062550774360717,191,3:11,22,No,F
trk_00838,Yeh Ishq Ka Ehsaas,Mohit Chauhan,Jazz,0.3780808455281177,0.5950041705031655,0.4769406049045612,103.85653401274077,0.6126117941494792,-12.765653762963172,0.5521672775174343,170,2:50,79,No,A
trk_00839,Mera Parwaaz Ke Sang,Shreya Ghoshal,Classical,0.1839461055187751,0.2486629454745329,0.5663255628745053,84.50829887227027,0.8910563723601341,-14.98743863645092,0.1420915480101249,190,3:10,61,No,D
trk_00840,Mera Silsila Ki Kahani,Sunidhi Chauhan,Pop,0.6804479284893554,0.6644653004260732,0.7106550186781363,102.1915654245758,0.0787519680918291,-5.688231609012656,0.4390880679317719,193,3:13,41,No,E
trk_00841,Yeh Aasman Ke Sang,Rahat Fateh Ali Khan,Classical,0.249934745790298,0.2353471780180809,0.4415861232510778,87.91140950447374,1.0,-17.89292603834129,0.0025033626541126,187,3:07,53,No,B
trk_00842,Woh Aasman Ka Ehsaas,Shreya Ghoshal,Pop,0.6474397390753949,0.7294909743315747,0.7713219593617573,100.62595039960564,0.1102174677239634,-1.896355919157397,0.2223183578963584,274,4:34,56,Yes,G
trk_00843,Woh Mausam Ki Baarish,Pritam,R&B,0.5812823386243189,0.6785202915311811,0.6109896193190205,102.77322764678448,0.2524249528038003,-7.426856071723984,0.1457313186193861,221,3:41,46,No,E
trk_00844,Mera Bekhayali Waala Pal,King,Pop,0.9302253662817612,0.7296101576166795,0.8375618682320685,103.01763570496048,0.0,-5.042318240402947,0.0872031514717453,173,2:53,58,No,B
trk_00845,Mera Saathiya Ka Nasha,Yuvan Shankar Raja,Hip-Hop,0.7911274639834055,0.7837648891834883,0.3809492383880454,86.6380486184042,0.041428591119624,-5.2392513611766685,0.4655185845686506,189,3:09,21,No,G
trk_00846,Yeh Mausam Ke Rastey,Arijit Singh,Pop,0.6020692253816611,0.6580572639203466,0.6969121892932777,108.0601861938921,0.2698467489364564,-6.398745479493438,0.1905160662407839,215,3:35,38,No,A
trk_00847,Yeh Sapno Ke Paar,Guru Randhawa,R&B,0.3220270194863951,0.729001374941311,0.5813992874940354,85.85903198992827,0.1574997415085498,-7.535271341643607,0.232610118534173,239,3:59,19,No,C
trk_00848,Mera Aasman Ki Raahein,Neha Kakkar,Hip-Hop,0.7850944485915062,0.6721069371267459,0.5819101986052985,78.55358231295355,0.0041402698667932,-5.604948857245933,0.2202743452819188,235,3:55,48,Yes,A
trk_00849,Yeh Mausam Ki Chaahat,Shaan,Jazz,0.390361529683231,0.3521732173270657,0.5941746670567563,135.3547941868594,0.6070290378674582,-11.400512001821683,0.3328909353794872,250,4:10,52,No,F
trk_00850,Tera Zindagi Ke Sang,Guru Randhawa,Pop,0.6913290091851213,0.7596880007848553,0.5517751281377825,114.30098954531977,0.0476368838950257,-7.317129072674403,0.674863109456108,173,2:53,39,No,B
trk_00851,Yeh Dil Ka Nasha,AP Dhillon,Electronic,0.8986081742432133,0.8773593033334948,0.6252779383636725,123.7875449344858,0.0,-6.574340170161969,0.3188414941424566,244,4:04,47,No,C
trk_00852,Yeh Bekhayali Ki Baarish,Vishal-Shekhar,Pop,0.8741764249610368,0.8540534445273553,0.6853479531843819,127.38266809658276,0.2491948724507809,-3.8073573954064295,0.1524813789576557,227,3:47,55,No,E
trk_00853,Mera Bekhayali Ka Junoon,Jonita Gandhi,Country,0.5203669717351316,0.5590613601724777,0.5153417101869769,113.29215043388268,0.4794368914363909,-8.79639570666906,0.082488904060989,161,2:41,46,No,G
trk_00854,Woh Chaand Ki Kahani,Neha Kakkar,Pop,0.8463622635789316,0.7798283606526389,0.5737217651212582,126.08709129685538,0.2481795794075802,-2.7004746920333003,0.1701089021303813,191,3:11,31,No,G
trk_00855,Tera Ranjha Ka Junoon,Kailash Kher,Pop,0.8792747631644329,0.6275174909929008,0.734610288989084,123.08299066149809,0.0834257101708298,-2.768242300962198,0.193244753682419,242,4:02,57,Yes,F
trk_00856,Woh Safar Ki Raahein,Jonita Gandhi,Pop,0.8033980797418664,0.5721797272434153,0.6715777541053386,116.65802310714548,0.0763713106954459,-3.414411482965134,0.1269962377913037,210,3:30,68,No,E
trk_00857,Yeh Dooriyan Ki Raahein,Alka Yagnik,Hip-Hop,0.6803526883056105,0.6514850299736925,0.3027854067204042,105.65165899029944,0.2816824500822907,-3.9535718193793095,0.0132359299585553,226,3:46,46,No,F
trk_00858,Woh Barsaat Waale,Ritviz,Jazz,0.3391083870495046,0.4507907044773949,0.5357899855651029,120.62782335208212,0.627038722650657,-11.516943064269157,0.3136618817209238,240,4:00,55,No,B
trk_00859,Tera Bekhayali Ke Geet,Arijit Singh,Pop,0.8063373041764883,0.6780213025650779,0.7767951628793839,107.91822520615185,0.1636881121546142,-8.270820233737238,0.4412264244526886,267,4:27,31,No,C
trk_00860,Yeh Khwaab Ke Rastey,Anirudh Ravichander,Electronic,0.6879801198558821,0.6466608629085882,0.4969074871139831,118.75467730965752,0.0241053796767049,-6.399820956421121,0.2300082818317375,202,3:22,53,No,E
trk_00861,Yeh Noor Ki Kahani,Sonu Nigam,Hip-Hop,0.7508087714420786,0.6409154143141305,0.5628473318496624,101.05543982585584,0.0452212025500647,-8.242796380954733,0.2650650168971694,207,3:27,45,No,E
trk_00862,Woh Manzil Mein Tu,Guru Randhawa,Hip-Hop,0.6582734634677606,0.7916589265253439,0.3676668351415617,90.65179387133884,0.1226660024491478,-6.524955120526933,0.0760167675480609,221,3:41,16,No,A
trk_00863,Yeh Barsaat Ki Kahani,Prateek Kuhad,Hip-Hop,0.6665979665762395,0.7223824435102113,0.3952474046411287,90.4840934675292,0.1272261299553343,-4.942697877304394,0.7818944451862971,222,3:42,77,No,G
trk_00864,Mera Barsaat Ki Kahani,King,Hip-Hop,0.6233854583777064,0.887345233115413,0.6032693011376071,78.70810154374304,0.1177703205729662,-8.205431065503218,0.2120618186888277,175,2:55,26,Yes,A
trk_00865,Mera Ishq Ke Paar,Javed Ali,Jazz,0.3591306383889626,0.5470464593475969,0.6021877517379268,125.8689584358832,0.5185442063458456,-12.063787209144634,0.1634605369339356,256,4:16,50,No,D
trk_00866,Woh Bekhayali Ka Safar,Javed Ali,Pop,0.8520003854636164,0.9457489422685726,0.7354148603563408,122.58480623801384,0.2094356050304096,-6.356557246849556,0.0725270636246583,188,3:08,71,No,E
trk_00867,Yeh Parwaaz Ke Rastey,Pritam,Pop,0.7719758083940144,0.6066436077034559,0.9315123995945538,116.972325385124,0.1383324453622248,-6.448094315199383,0.1689733511460032,229,3:49,42,No,B
trk_00868,Woh Bekhayali Ke Paar,Dhvani Bhanushali,Country,0.6538675513096458,0.5300692527732981,0.7267834081489417,110.34734656037554,0.3436411698552535,-6.500518401232928,0.4281400899128699,173,2:53,67,No,D
trk_00869,Tera Dooriyan Ka Safar,Ritviz,R&B,0.4908680693603179,0.7910688129600024,0.6318031698240978,85.2324895790669,0.3354672753618612,-8.58398777055774,0.21360072037816,208,3:28,52,No,E
trk_00870,Yeh Ishq Waali Shaam,Yuvan Shankar Raja,Rock,0.9397336745704938,0.5283492306370685,0.6361307367684265,107.74812399387788,0.0134587506686023,-1.29778957811173,0.1725289564671883,184,3:04,41,No,A
trk_00871,Tera Ishq Ki Dastak,Kailash Kher,Rock,0.8430298080882177,0.5142225200696383,0.7483594802618381,136.28704987607009,0.1749621385127075,-4.396306945499754,0.2286683437185473,224,3:44,69,Yes,B
trk_00872,Tera Rangeen Ki Raahein,Arijit Singh,Classical,0.181661896347987,0.4108674419955724,0.5707917905278793,88.66609677888377,0.7890808463447005,-16.785764755470094,0.1976617799296978,228,3:48,68,No,F
trk_00873,Yeh Rangeen Ka Safar,Armaan Malik,Hip-Hop,0.8630660987142157,1.0,0.3919955825607715,101.69825145426236,0.1152017274807191,-7.481473215423383,0.1359198769139711,201,3:21,27,No,D
trk_00874,Tera Junoon Ka Nasha,Guru Randhawa,Pop,0.6775552321955061,0.5506908808047071,0.71516413249148,105.83000367205238,0.0865001333564312,-4.296342245151382,0.1888539867765583,281,4:41,64,No,F
trk_00875,Woh Nazar Ka Rang,Divine,Pop,0.6237357114959448,0.8137456399930146,0.8589417516506213,114.41606160389108,0.0010884196846395,-4.459295345054081,0.1920993193353746,236,3:56,58,No,C
trk_00876,Mera Fanaa Ka Safar,Rahat Fateh Ali Khan,Electronic,0.7842747897413457,0.5879564038344395,0.6417530540398346,133.1772996469249,0.002393412275233,-6.549545193043669,0.4784727587425196,233,3:53,55,No,C
trk_00877,Tera Safar Ke Paar,Badshah,Classical,0.3797940193535132,0.3646083241211854,0.4841506767332043,97.23070324135578,0.8876952977695172,-15.521759434630704,0.0722704235767454,113,1:53,48,No,B
trk_00878,Yeh Tanha Ka Safar,Papon,Pop,0.7899779917616851,0.6819233553420974,0.6557436081773357,127.45940960639436,0.165844554070812,-8.051533801826544,0.0893409132041312,269,4:29,43,No,B
trk_00879,Tera Silsila Ka Ehsaas,Kavita Seth,Rock,0.8699326196105159,0.359699893297246,0.3018448855176691,116.7498093341936,0.1967270169178206,-2.3571526661074373,0.2771993391888274,193,3:13,84,No,F
trk_00880,Woh Zindagi Ka Junoon,Hariharan,Rock,0.7263444399851265,0.5392437704076227,0.76084856098374,135.74582815822453,0.0100578637180671,-6.313495296384026,0.2904616835088076,193,3:13,38,No,A
trk_00881,Yeh Chaand Ka Nasha,Shankar Mahadevan,Classical,0.3439202851662047,0.2328788924866111,0.3806457479606626,103.72278913446576,0.9397105317223076,-17.619210879361816,0.161087625753221,180,3:00,26,No,E
trk_00882,Mera Aasman Ka Ehsaas,Rahat Fateh Ali Khan,Pop,0.6531225261590992,0.9289698989596384,0.5379204686601248,133.50278824078566,0.2459672119194724,-7.145152388374592,0.0480068872199534,273,4:33,26,No,A
trk_00883,Woh Rangeen Ke Geet,Shaan,Pop,0.6773061402427972,0.68916016869022,0.3640661407076217,118.91367759106652,0.0770753155728656,-3.7841958277553935,0.3816975512177841,219,3:39,53,No,B
trk_00884,Tera Ranjha Ke Paar,Jonita Gandhi,Electronic,0.8415490650314046,0.7942458147819189,0.6922826814940484,127.04645946080876,0.0674921172001864,-7.290251537762439,0.4008776498616158,163,2:43,84,No,D
trk_00885,Woh Sapno Ki Chaahat,Guru Randhawa,Pop,0.9139930656356362,0.7277758929487652,0.9142238894247908,109.11657366214244,0.2295271155608236,-4.974800546285093,0.2085394895015388,200,3:20,75,No,G
trk_00886,Tera Safar Ka Ehsaas,Kavita Seth,Classical,0.1766498291799203,0.2721863539675616,0.5168408207960796,79.1243232852375,0.7784186257537816,-16.42963089247384,0.2654611453231429,218,3:38,47,Yes,D
trk_00887,Woh Ishq Ke Sang,Shreya Ghoshal,Rock,0.7460755378102233,0.3418426634753958,0.589735633377361,141.11814183194127,0.0,-5.568239825976134,0.4512595139045288,207,3:27,46,No,A
trk_00888,Mera Saathiya Mein Tu,Alka Yagnik,Pop,0.8325447498989237,0.8247672275277852,0.6518966280914694,95.84764249574503,0.1881100670253773,-4.10083844689587,0.1038370032962523,175,2:55,52,No,B
trk_00889,Mera Sapno Ki Chaahat,Anirudh Ravichander,Rock,0.6160306616922737,0.4489039392006865,0.7213956670589174,101.76850094425856,0.0985476058726604,-2.2036021620757245,0.2358890636099681,226,3:46,67,No,A
trk_00890,Tera Ishq Ka Nasha,Dhvani Bhanushali,Electronic,1.0,0.6738599924976306,0.5755135455452186,136.78065563392607,0.0499787702738155,-7.210937240420982,0.3303904674680421,203,3:23,41,No,F
trk_00891,Tera Saathiya Ke Sang,Jubin Nautiyal,Country,0.6666209150974849,0.6646471877487903,0.7448823452031008,112.86017290814208,0.2580656318226575,-6.212811136748018,0.1435432777618876,183,3:03,31,No,B
trk_00892,Tera Rangeen Ki Baarish,Shankar Mahadevan,Electronic,0.8790617718839978,0.6580165502772428,0.6602811274132468,135.29525648395648,0.0648573426800343,-4.806840955942631,0.3595159068080488,247,4:07,78,Yes,E
trk_00893,Yeh Dil Ka Ehsaas,Nucleya,Hip-Hop,0.6283857114523435,0.8505968420514931,0.515778208223284,102.38646395047016,0.0,-5.799217319444868,0.3278100287791411,163,2:43,78,No,G
trk_00894,Woh Manzil Ki Baarish,Armaan Malik,Classical,0.236363130035417,0.4227579505067123,0.1905116902508084,78.23770747662513,0.8507411466422755,-12.933514296437805,0.1234178690210906,247,4:07,53,Yes,B
trk_00895,Woh Parwaaz Ka Safar,Vishal-Shekhar,Pop,0.7876202317860116,0.8034507548206712,0.7548347418606538,139.5207335586206,0.2928755078615672,-6.397397215293209,0.480123921344704,257,4:17,43,No,F
trk_00896,Yeh Yaadein Ka Nasha,Sunidhi Chauhan,Rock,0.7350512363421517,0.261877873506389,0.4753346820054322,114.39505697651477,0.0,-5.153042103202465,0.0921412501180774,131,2:11,9,No,B
trk_00897,Tera Aasman Ka Nasha,Anirudh Ravichander,Country,0.5814041529308474,0.5346916266990345,0.7000795161992528,110.2423017995203,0.5236361743155644,-6.30329879541466,0.356384520313444,239,3:59,97,No,D
trk_00898,Tera Zindagi Ki Roshni,Javed Ali,Pop,0.803108513097595,0.7029174605425275,0.6318850222384225,113.24717184287698,0.0835884295235906,-6.1559501514559365,0.2711163372242887,191,3:11,60,Yes,A
trk_00899,Yeh Nazar Ke Sang,Jonita Gandhi,Pop,0.614729943401378,0.8636327929444131,0.6753243575145779,132.7311813229684,0.2557821916946562,-4.5390062505779385,0.6939533442011174,246,4:06,40,No,C
trk_00900,Mera Ishq Ki Baarish,Guru Randhawa,Pop,0.6049948458485059,0.6909001531228645,0.634392110848569,127.95576551212898,0.1441058731144963,-8.665611968024054,0.1918273322044801,165,2:45,85,No,C
trk_00901,Mera Mausam Ka Safar,Hariharan,Pop,0.8136776039329113,0.6782168444788996,0.7987059969491169,113.87668023300944,0.0731978011852166,-6.580202809993047,0.3511502599652749,236,3:56,37,Yes,G
trk_00902,Woh Ishq Ka Ehsaas,Jonita Gandhi,Pop,0.624796662175966,0.7048010443723429,0.7438440324562318,121.29838834063132,0.1728854850054681,-4.208241966184855,0.1493643447264997,194,3:14,42,Yes,G
trk_00903,Yeh Nazar Waala Mausam,Raftaar,Jazz,0.4456407851354245,0.4555315811337301,0.8868946998459213,125.95347011002865,0.7156426872814091,-10.221842128485152,0.1677985730948491,211,3:31,57,No,D
trk_00904,Tera Saathiya Ka Nasha,Shreya Ghoshal,Hip-Hop,0.8097877937719187,0.8288805553332358,0.5636181515820323,105.24504424447716,0.0,-5.02788298317974,0.6722715374137743,250,4:10,63,No,F
trk_00905,Mera Bekhayali Mein Tu,Sunidhi Chauhan,Country,0.5335370902471813,0.5162497933842536,0.7174627436822291,96.90432613154128,0.2682152275161652,-5.026839672662558,0.6986329883976464,250,4:10,60,No,C
trk_00906,Mera Silsila Ki Chaahat,Vishal-Shekhar,Electronic,0.7416197233080019,0.9275954111097476,0.5724833894961001,141.79033701092,0.090517204954247,-5.886917296148478,0.4100891938529719,251,4:11,47,No,C
trk_00907,Woh Parwaaz Ki Raahein,Javed Ali,Rock,0.8764361927958183,0.3148761423848272,0.4798419285636138,142.21179096797115,0.0,-2.8164741222817544,0.3793985547691267,261,4:21,69,No,G
trk_00908,Tera Rangeen Ki Dastak,Prateek Kuhad,Rock,0.8867697253224879,0.5588107078330844,0.4779792788944338,121.88747882143664,0.1595348734993419,-1.947932600165089,0.1950334555645161,188,3:08,59,No,A
trk_00909,Yeh Fanaa Waala Mausam,AP Dhillon,Rock,0.77792728708501,0.427063186335218,0.7818042494901736,140.66542344610465,0.0418057339108058,-2.399288770462877,0.3632605461315506,249,4:09,39,No,B
trk_00910,Woh Dil Waala Mausam,Shaan,Jazz,0.4265608394098636,0.4329287998743478,0.6503841856696494,100.57397037986496,0.4745551392438201,-12.140306868133074,0.1052231723337132,204,3:24,68,No,B
trk_00911,Tera Parwaaz Ki Roshni,Jonita Gandhi,Rock,0.8778563689360381,0.4001664810503827,0.700346679449639,128.9302128822143,0.1734079416207704,-2.6853769503030405,0.286381933433817,207,3:27,54,No,A
trk_00912,Woh Parwaaz Ka Nasha,Sid Sriram,Classical,0.2012979136965493,0.420978818784381,0.1827499859970706,90.36220570465268,0.8420077658992022,-16.776434116631254,0.3827323928921889,202,3:22,53,Yes,F
trk_00913,Woh Sapno Ke Paar,Divine,Hip-Hop,0.6238446824573789,1.0,0.6442359961421952,95.67259959524895,0.0454601179687302,-5.243924493397107,0.2334619243269652,242,4:02,55,No,A
trk_00914,Woh Bekhayali Waali Shaam,Papon,Jazz,0.4313363151141769,0.3971528030010263,0.5975543572890777,110.7969195998552,0.6811648359486343,-11.126693530939397,0.2181354447064318,228,3:48,30,Yes,C
trk_00915,Mera Ishq Waala Pal,Anuv Jain,Hip-Hop,0.8315374242734038,0.8905216329067606,0.4698648433472812,113.24287505336774,0.0864926121658546,-5.889170986106574,0.1501095553708578,153,2:33,64,No,C
trk_00916,Tera Silsila Ke Geet,Divine,Rock,0.8598496994662169,0.4255756633044428,0.450907708543821,141.71098813911922,0.1014375932013176,-3.152129314037905,0.4436026964691742,208,3:28,33,No,F
trk_00917,Tera Khwaab Ke Rastey,Javed Ali,R&B,0.4744875601551482,0.7803313312814902,0.6518627505702248,88.0799872973858,0.2019836620331497,-9.17120742736849,0.1181182302205654,172,2:52,38,No,B
trk_00918,Tera Silsila Waala Mausam,Nucleya,Electronic,0.782464182560516,0.7218798314559478,0.5316932148438839,128.8316501340018,0.0829968932146114,-5.2755797558322,0.1070301821588144,245,4:05,89,No,E
trk_00919,Mera Khwaab Ki Baarish,Vishal-Shekhar,Pop,0.7582335249331051,0.800987598290676,0.8484665971461259,108.98735774420118,0.110310657745478,-7.405942627139914,0.2161410526475785,247,4:07,47,No,C
trk_00920,Mera Silsila Ka Nasha,Arijit Singh,Country,0.5147863784178959,0.5858386613128175,0.6358316292893426,107.31113271049512,0.296345901087592,-8.86708419537815,0.1554837779115831,230,3:50,70,No,F
trk_00921,Yeh Fanaa Waale,Mohit Chauhan,Hip-Hop,0.7497081941003202,0.9297779973656484,0.7112483616743159,95.1532012906115,0.0010501042403825,-6.854917398022749,0.5550620128100231,207,3:27,43,Yes,D
trk_00922,Tera Roshni Waala Pal,Raftaar,Country,0.5869204142491102,0.4448452441659839,0.5326694718749542,104.48418742784422,0.2882487699851236,-8.327542948394198,0.2456257282095851,142,2:22,35,No,D
trk_00923,Yeh Ishq Waala Mausam,Sonu Nigam,Electronic,0.8418215078266198,0.7072843970543269,0.7171797243327467,105.61553475117827,0.0,-5.754192897395316,0.2702399264869664,254,4:14,37,No,F
trk_00924,Yeh Noor Ka Nasha,Anirudh Ravichander,Hip-Hop,0.6723040905772834,0.7002939672636738,0.3731298245575876,90.88826604446685,0.0778602959061659,-6.986847732862112,0.3608025273197656,248,4:08,0,No,E
trk_00925,Woh Silsila Ka Nasha,Prateek Kuhad,Pop,0.8334055451849369,0.8772910217247424,0.6924282936454784,118.62431703327442,0.1771623029923373,-0.2201376322834178,0.5194790179568782,218,3:38,66,No,F
trk_00926,Yeh Junoon Ka Ehsaas,Atif Aslam,Rock,0.8640466975734856,0.5014320402204859,0.4893868701506189,127.3723057550659,0.0318330492703764,-3.767279471976295,0.2481939815664568,171,2:51,82,No,A
trk_00927,Yeh Manzil Ke Geet,Monali Thakur,Jazz,0.6192202440084337,0.4881065239702352,0.5938156374788753,101.4564549293744,0.705222779607103,-10.7569460912351,0.5485353084270295,206,3:26,78,No,C
trk_00928,Yeh Ranjha Waala Pal,Armaan Malik,Classical,0.3240396466648622,0.3200785170391658,0.1988852834960983,91.39662127686496,0.9044243348244178,-14.850182872343254,0.2753560445667162,237,3:57,57,No,F
trk_00929,Tera Junoon Ka Ehsaas,Dhvani Bhanushali,Rock,0.9507763075651564,0.5829549220225154,0.6612050167611657,130.31425468312307,0.1331361279544045,-3.201925242271244,0.2875277477985919,204,3:24,34,No,B
trk_00930,Woh Silsila Ke Paar,Hariharan,Pop,0.7314099304824333,0.659885994879813,0.6129657425467484,105.21363295442208,0.1584866168206673,-5.111123993099285,0.5294883108318422,179,2:59,61,No,A
trk_00931,Tera Tanha Ka Ehsaas,Dhvani Bhanushali,Electronic,0.8670598939334798,0.7283587365384477,0.6716832575679599,135.52160223524126,0.1002635775270085,-4.552298813453322,0.2685916344922148,252,4:12,73,No,A
trk_00932,Mera Chaand Ke Rastey,Anuv Jain,R&B,0.6374496328398229,0.689149951045739,0.569931863704225,80.58696833027346,0.1299904135847089,-9.306978644255729,0.4417402424651612,192,3:12,47,Yes,D
trk_00933,Woh Zindagi Ki Raahein,Shankar Mahadevan,Hip-Hop,0.6273361121798074,0.696908937281552,0.5453417107539325,97.63985154599447,0.0,-4.158926717455568,0.141733852908325,207,3:27,83,No,E
trk_00934,Woh Mausam Ka Rang,Shaan,Pop,0.6497378550623649,0.8142045091893562,0.7606472051464556,118.50913695535472,0.1636320795249608,-7.828796926796314,0.2446615699185707,162,2:42,61,No,B
trk_00935,Tera Ishq Ke Rastey,Jubin Nautiyal,Rock,0.7639492673494689,0.470587681962383,0.4194594942743657,128.79202928689642,0.0239113562606028,-3.843186631676176,0.2977164273988374,267,4:27,51,No,G
trk_00936,Tera Fanaa Ke Rastey,Arijit Singh,Pop,0.657015205160735,0.8220224016905407,0.7625172248190125,111.92676954529084,0.1842141416807943,-6.056540486331322,0.4038500428112674,199,3:19,18,Yes,C
trk_00937,Mera Silsila Waala Pal,Anuv Jain,Country,0.6732283829510832,0.5667002921695738,0.7380017608613817,118.66746736694397,0.3750514418506825,-8.336044127893416,0.167620101603179,235,3:55,63,No,B
trk_00938,Tera Zindagi Ki Chaahat,Jonita Gandhi,Pop,0.865875483450987,0.7569003500737062,0.601890209586677,107.44979244622816,0.0923777138729654,-1.272029113199471,0.2325625965801674,229,3:49,57,No,B
trk_00939,Mera Mausam Ke Rastey,Shreya Ghoshal,Jazz,0.2777637192995746,0.367503749819053,0.6263116526421899,115.82667433220604,0.5001299700340888,-11.541442740091489,0.5782771900230217,190,3:10,53,No,E
trk_00940,Woh Noor Ke Paar,Raftaar,Rock,0.9663282132794208,0.4975264579197599,0.2825989072060264,131.75746881719658,0.0570268590089344,-6.225708782549985,0.5002387465551615,157,2:37,23,No,B
trk_00941,Yeh Yaadein Waale,Alka Yagnik,Jazz,0.4022067700936864,0.2455669523798925,0.3918289557045393,116.09812519874752,0.6302169408091066,-8.369937201913526,0.4930526541709252,282,4:42,72,No,D
trk_00942,Tera Safar Ka Rang,Guru Randhawa,Classical,0.2174246000938268,0.208232584239052,0.0826600567154666,81.0613444466752,0.9531793343388992,-13.674911419567817,0.2390741534778391,202,3:22,67,No,A
trk_00943,Yeh Parwaaz Ki Dastak,Nucleya,Electronic,1.0,0.9280692510430296,0.5986918642795542,143.85586702476073,0.1177869060283394,-5.653339247229812,0.1230624594036702,210,3:30,40,No,A
trk_00944,Woh Mausam Ki Raahein,Arijit Singh,Pop,0.8364958205837676,0.6803713917088078,0.810994947340691,108.85952679159482,0.0586207798412445,-4.4275443984469485,0.193869556413164,245,4:05,63,No,F
trk_00945,Tera Sapno Ke Sang,Jubin Nautiyal,Pop,0.6764837689933033,0.94420780101652,0.8159848497999296,132.2359095102028,0.1704819795921499,-5.526572386208333,0.2807069022622312,157,2:37,35,No,E
trk_00946,Woh Tanha Ki Dastak,Guru Randhawa,Pop,0.5499423921637134,0.7348130461205074,0.6163492888986345,104.64947680058472,0.1846938064465836,-3.435528556292735,0.1721101821966574,195,3:15,36,Yes,C
trk_00947,Woh Yaadein Waali Shaam,Shreya Ghoshal,Country,0.6709369178334763,0.4833736613639209,0.5955975859879294,128.1204405635953,0.2937090844712616,-5.88668505636025,0.3103577683073098,220,3:40,48,No,E
trk_00948,Tera Parwaaz Ki Dastak,AP Dhillon,Country,0.6521458104015377,0.6322342298687552,0.7338078945595281,116.16979427640128,0.3425920483785285,-9.803461113740315,0.3570528326459387,193,3:13,38,Yes,A
trk_00949,Yeh Barsaat Ka Nasha,Shaan,Jazz,0.1622430170072897,0.5200221911282289,0.8164386229605859,116.06237193496288,0.5837660834772618,-11.082119593514324,0.1952533052541911,269,4:29,20,No,C
trk_00950,Mera Bekhayali Ke Sang,Kailash Kher,Jazz,0.1713015174468208,0.1979651525662976,0.6779274999202931,103.11582389748531,0.5603233557731371,-8.165009013609966,0.1686955160996629,257,4:17,42,No,C
trk_00951,Woh Safar Ki Baarish,KK,Classical,0.3466932342904187,0.1628050727715521,0.1295724809484911,90.29748986806273,0.832203974639944,-13.802680128064305,0.2324175229842339,199,3:19,36,No,E
trk_00952,Tera Khwaab Ki Kahani,Palak Muchhal,Pop,0.7466415024820005,0.7385278488206084,0.7398066335947945,124.78607659070192,0.17224074279092,-6.622111771941913,0.2555644215150095,195,3:15,13,No,C
trk_00953,Yeh Aasman Ka Junoon,AP Dhillon,Country,0.4748344109889607,0.5294056338289735,0.6932546812916965,117.8085360310292,0.3757664303504785,-3.613904862876868,0.27200242835153,223,3:43,25,No,B
trk_00954,Woh Safar Ke Paar,Nucleya,Hip-Hop,0.7287919621246,0.7732808434344712,0.4655501356261989,84.58113067522632,0.0867208152739481,-7.183869892329295,0.3136386903837312,209,3:29,65,No,D
trk_00955,Yeh Fanaa Ki Dastak,Kailash Kher,Hip-Hop,0.8153169698454844,0.7693311784479501,0.5275571666681356,81.81723707970059,0.1199131520771531,-5.588309733579237,0.1895499710898565,242,4:02,48,No,C
trk_00956,Mera Parwaaz Ki Baarish,AP Dhillon,Hip-Hop,0.6851270412182606,0.8480611215248595,0.6825021478476535,96.0160771869001,0.0915224721583381,-5.972822283561193,0.5699731821449774,215,3:35,72,No,D
trk_00957,Yeh Ranjha Ka Nasha,Hariharan,Pop,0.8984434038440229,0.6823660284236455,0.6818441152276351,120.5668523089148,0.070867638560561,-5.620715177932846,0.2758486574207733,180,3:00,52,No,B
trk_00958,Tera Ishq Ki Raahein,Rahat Fateh Ali Khan,Pop,0.808918215037026,0.8503635643468886,0.7164752650419186,112.39458919872229,0.0774569796834435,-5.174831128304105,0.064299444694224,235,3:55,79,No,B
trk_00959,Mera Chaand Ki Baarish,Sunidhi Chauhan,Electronic,0.9382433340905434,0.5855653995169448,0.7025552772660844,119.3683762419071,0.0034186349992978,-6.692963396956926,0.2806326562117153,226,3:46,61,No,C
trk_00960,Yeh Junoon Ke Geet,Atif Aslam,Pop,0.752002733980403,0.6431975624108822,0.6938869265123916,115.7382471231924,0.1462600436877838,-6.1996143321657975,0.2121221190923428,186,3:06,76,No,E
trk_00961,Tera Parwaaz Ki Baarish,Mohit Chauhan,Jazz,0.3250822425463749,0.3793092184600952,0.6930965851767916,114.08340053699308,0.6041969083963828,-11.045580816288693,0.531712434397937,166,2:46,45,No,G
trk_00962,Tera Safar Ki Raahein,Javed Ali,Rock,0.8626039959735813,0.2922871444870398,0.5333304988782087,117.25625457185318,0.07185433627087,-3.3607498297896896,0.1025247288607494,244,4:04,30,Yes,C
trk_00963,Yeh Zindagi Ka Safar,Kavita Seth,Hip-Hop,0.721688406465425,0.8032302310816443,0.4801721745018023,87.91263644896905,0.0587757868119156,-5.5592375307242525,0.1948822319699166,237,3:57,72,No,C
trk_00964,Mera Dooriyan Mein Tu,Hariharan,Rock,0.935362141918054,0.5335691878493727,0.7092115138665772,110.45143240614225,0.0747550967998404,-3.384889302526544,0.3521580471730888,239,3:59,43,No,F
trk_00965,Yeh Parwaaz Ka Safar,Dhvani Bhanushali,Rock,0.7152628758760324,0.5040771691526376,0.5847913070330528,141.21303699201786,0.0618784691809125,-0.8703674274056485,0.4078745840140328,204,3:24,59,Yes,B
trk_00966,Woh Silsila Ka Rang,KK,Electronic,0.84269836838621,0.654543505840427,0.6132402519791251,137.078232824168,0.0,-7.994107654987623,0.1612622991048089,200,3:20,62,Yes,B
trk_00967,Woh Sapno Ki Dastak,King,Rock,0.8690923731755106,0.5107145329737568,0.5230910853342177,125.8916528134542,0.2788341947805569,-2.786033644103049,0.6670192944789103,182,3:02,88,No,A
trk_00968,Yeh Chaand Ka Ehsaas,Jonita Gandhi,Jazz,0.4509068050281012,0.5690016569595271,0.6312617467273418,119.90983863842295,0.6753834583042664,-9.5693719016213,0.532038497424423,172,2:52,28,No,E
trk_00969,Tera Khwaab Ka Ehsaas,Rahat Fateh Ali Khan,Hip-Hop,0.8415473243189411,0.6563623897823055,0.5873690203406317,100.29103961672946,0.0983975005901815,-4.226129186378074,0.155189860117464,203,3:23,56,Yes,G
trk_00970,Yeh Zindagi Ki Kahani,Palak Muchhal,Classical,0.1153414497029949,0.357524188594499,0.5616744107442377,92.44154461427875,0.9411161407273212,-18.331482537259514,0.6024723485802306,210,3:30,52,No,F
trk_00971,Tera Roshni Ke Sang,AP Dhillon,R&B,0.522917253046309,0.7092917381821838,0.4916585433580522,74.6801512974033,0.2216394809580013,-7.38042896747306,0.2378602843112321,222,3:42,17,Yes,D
trk_00972,Woh Chaand Ka Safar,Sonu Nigam,Electronic,0.7975478882593287,0.613679668055237,0.711951053693914,144.2960791711228,0.0381939868482244,-6.235334363038767,0.3599915421289799,208,3:28,57,No,G
trk_00973,Woh Rangeen Ka Rang,Kavita Seth,Pop,0.8525063296051119,0.7874289510130846,0.7779931621374871,112.4675781579758,0.2095848839357407,-6.675470462885793,0.1399234165923102,193,3:13,28,No,B
trk_00974,Yeh Junoon Ki Kahani,Anirudh Ravichander,Pop,0.7034485855099857,0.7456833446050751,0.6843180746089372,125.92359570641165,0.1709838149336291,-7.095765135803796,0.2173257856630851,215,3:35,39,No,C
trk_00975,Woh Tanha Ke Paar,Raftaar,Rock,0.7762738323608038,0.7277688926030931,0.7682892628234966,132.67574912482158,0.1911128489184038,-7.338903126937117,0.1845559224739739,202,3:22,40,No,G
trk_00976,Woh Safar Ke Sang,Nucleya,Jazz,0.4543654128280607,0.6101898791589981,0.4554028882270044,101.29836842220098,0.3856012411228424,-11.44035025488633,0.4738698699701308,215,3:35,22,No,F
trk_00977,Mera Yaadein Ki Roshni,Badshah,Pop,0.8193697955013145,0.8224428176235412,0.8631149709203811,107.80031281232311,0.1628449694637935,-4.154275160920244,0.4316126265725991,126,2:06,56,Yes,F
trk_00978,Woh Ishq Ki Chaahat,Shankar Mahadevan,Hip-Hop,0.596201959426241,0.6344951264905477,0.4796147529178186,98.6171831000273,0.1555788042675969,-7.643204932583035,0.732767705682343,184,3:04,67,No,C
trk_00979,Yeh Parwaaz Ke Sang,Papon,Jazz,0.3982567505816933,0.3778271511131584,0.5765188297298861,107.4694791866814,0.6427185924825725,-14.466745767012846,0.3567172443561865,221,3:41,37,Yes,E
trk_00980,Woh Silsila Ki Raahein,Anuv Jain,Rock,0.8938431525967366,0.5289536836643849,0.6551874537758132,134.2164986186807,0.1075384517843347,-3.350307658866492,0.2467179112139718,228,3:48,45,Yes,E
trk_00981,Yeh Zindagi Ke Geet,Papon,Electronic,0.4800239437636461,0.636078748847561,0.5792724683426635,122.93739442613992,0.0865283342842266,-7.206032317591681,0.3773754583298811,185,3:05,61,Yes,D
trk_00982,Tera Manzil Ke Sang,Vishal-Shekhar,Pop,0.6617269883478699,0.7880337591446765,0.5552049907723351,117.78875749860892,0.1012278539434257,-5.399442070360914,0.6971640403005568,240,4:00,71,No,G
trk_00983,Mera Saathiya Waali Shaam,AP Dhillon,Pop,0.7930462215551901,0.6281556388111991,0.7326915620372307,143.59562250323273,0.1508988560992103,-5.151225142545415,0.195301923245524,200,3:20,29,No,E
trk_00984,Mera Junoon Ki Dastak,Neha Kakkar,Electronic,0.7570630921911577,0.7233126184712388,0.4991416834258567,115.06100709913191,0.0251926626811811,-5.055310178119839,0.26153306350649,227,3:47,54,No,A
trk_00985,Tera Dil Waali Shaam,Sonu Nigam,Hip-Hop,0.8064634229172203,0.949574002752694,0.3544602066849249,103.5725543264353,0.2116658346574735,-8.448984009820542,0.3137659107831007,161,2:41,54,No,A
trk_00986,Woh Yaadein Ke Paar,Nucleya,Classical,0.2920934422124287,0.2842253391974584,0.3138259637087889,116.57921893185132,0.9223910848274924,-18.129931708016585,0.1279259030031716,245,4:05,67,No,B
trk_00987,Yeh Ranjha Ka Safar,Anirudh Ravichander,Hip-Hop,0.628938448058577,0.9693541152235552,0.5645054963067884,97.9018171790868,0.0492157332839745,-6.9129775562609,0.0254715627660218,239,3:59,46,No,E
trk_00988,Mera Aasman Ke Rastey,Prateek Kuhad,Rock,0.9736420781806252,0.4550969097141075,0.5439657797611009,130.15615241602094,0.0966670585482662,-3.543464855522813,0.0462920428894413,232,3:52,31,No,G
trk_00989,Tera Noor Ke Paar,Kailash Kher,Electronic,0.7135508388243363,0.7473407789750394,0.5083814850343649,108.6698621150866,0.0517679458840748,-7.858534890464794,0.0601216052609414,218,3:38,58,No,A
trk_00990,Tera Ishq Ke Paar,KK,Electronic,0.8571530696900742,0.8587845970345973,0.4656730944304908,121.26816893692886,0.1910639040239655,-6.385974750883901,0.1477178392732829,185,3:05,44,No,D
trk_00991,Woh Yaadein Ka Ehsaas,Atif Aslam,Classical,0.2906540293751981,0.537896722185436,0.3912825630345889,108.10061710539333,0.9274872384410396,-17.2313827160901,0.1486751309052323,206,3:26,57,No,G
trk_00992,Yeh Parwaaz Ka Nasha,Sid Sriram,Rock,0.9189993722730728,0.6113892584528026,0.717232231515327,140.93900793537247,0.0,-1.3034702043056972,0.1083099404416309,200,3:20,43,No,F
trk_00993,Yeh Manzil Ka Nasha,Anirudh Ravichander,Jazz,0.4182097912496977,0.3886746185349928,0.5093309745189,124.5034025875906,0.5102279550810868,-12.090492238575584,0.0894521913993995,222,3:42,38,No,F
trk_00994,Yeh Manzil Ka Ehsaas,Neha Kakkar,Rock,1.0,0.4894475061229046,0.5178360895206868,144.63042259596116,0.1431778943790645,-1.8229368083944275,0.173133755248301,234,3:54,39,Yes,A
trk_00995,Tera Noor Ki Kahani,Yuvan Shankar Raja,Pop,0.763819274779132,0.6712104294322155,0.6729504283757569,104.81217362329464,0.1136529120227483,-6.609588378669914,0.6280495719333719,187,3:07,27,Yes,F
trk_00996,Mera Safar Ke Geet,Arijit Singh,Country,0.6387529919057946,0.5176858461867364,0.7509225565070999,104.849461289984,0.3603359028357165,-6.155231815480553,0.1389412431921061,236,3:56,61,No,E
trk_00997,Tera Mausam Ki Dastak,Shreya Ghoshal,Pop,0.7432502017750179,0.705967431532381,0.603008340991969,110.37418570502952,0.2335021565121404,-7.478153497539402,0.1514947007830646,234,3:54,53,Yes,D
trk_00998,Yeh Aasman Ke Rastey,KK,R&B,0.7632146460143702,0.6849298275659408,0.34419114093274,82.90973347157194,0.3050988805147669,-7.890713269772074,0.1207217639781945,180,3:00,50,Yes,D
trk_00999,Tera Dil Ke Sang,Anuv Jain,Hip-Hop,0.5869241643855987,0.781134897907615,0.4032670791893167,98.0137967491317,0.1802895017787034,-7.621259280605937,0.2124705457246942,211,3:31,66,No,F
trk_01000,Yeh Rangeen Mein Tu,Anirudh Ravichander,Pop,0.9598947572309178,0.7276827759027131,0.8234992992963552,118.5704168467896,0.3232703793112952,-5.241512249292052,0.4211327875395604,197,3:17,40,No,F
trk_01001,Woh Ishq Mein Tu,Sid Sriram,Jazz,0.3383463072871744,0.3641155721701041,0.4201410237006406,98.21308868203744,0.6281630890366496,-10.536263420723804,0.422807647769314,211,3:31,59,No,B
trk_01002,Yeh Fanaa Ka Nasha,Shreya Ghoshal,Country,0.5389598836098412,0.6339225144668791,0.3850066376143889,98.47402090668513,0.5354012984957484,-6.124892626302714,0.3227284736637134,231,3:51,60,No,G
trk_01003,Tera Mausam Ke Paar,A.R. Rahman,Electronic,0.7677988029382596,0.7372058922366258,0.5293966122831866,126.12814304566496,0.0,-7.185935986909429,0.3378162961881016,167,2:47,76,No,F
trk_01004,Yeh Nazar Waali Shaam,Neha Kakkar,Electronic,0.8938611078625494,0.8948180458069259,0.7149512238403485,120.97107141236668,0.063558483793649,-9.385448076715043,0.3962090882200886,211,3:31,35,No,F
trk_01005,Tera Nazar Ke Geet,Raftaar,Classical,0.3015515634015093,0.2133008425960368,0.2687576965346573,96.6169993123726,1.0,-13.764754364260387,0.0499464148993813,239,3:59,35,No,D
trk_01006,Tera Tanha Ki Dastak,Armaan Malik,Classical,0.2284527064237312,0.4531906829515756,0.3612480070522425,85.20360254200736,0.8563017305025988,-14.830623630755444,0.451702928253984,227,3:47,47,Yes,C
trk_01007,Mera Khwaab Ka Rang,Rahat Fateh Ali Khan,Country,0.6353973540478021,0.6599326611460845,0.5770597322573794,106.45697782067222,0.2507983016307753,-8.418701397398571,0.2726462303650687,180,3:00,67,Yes,D
trk_01008,Woh Bekhayali Ki Roshni,Badshah,Rock,0.7719287486477229,0.5012757229055385,0.6630760867242891,134.6751423539718,0.0753275880529003,-2.054577440783547,0.3081673710785628,213,3:33,65,No,G
trk_01009,Tera Dooriyan Waali Shaam,Atif Aslam,Hip-Hop,0.7425563921508649,0.7113917711770832,0.3644786678241517,87.9242366335878,0.0465596827193811,-3.492312915428073,0.3181264584386777,160,2:40,87,No,D
trk_01010,Tera Safar Waala Pal,KK,Rock,0.8207382484620225,0.4403670984277569,0.6610567160105916,115.90330814585587,0.1676758339815498,-3.811801032312193,0.0430112332262083,175,2:55,23,No,G
trk_01011,Mera Nazar Ke Sang,Dhvani Bhanushali,R&B,0.5165856503862454,0.6436941952040498,0.5549324771459124,92.66380200944612,0.2457885020995182,-7.304181190931916,0.0797620089543372,210,3:30,43,No,G
trk_01012,Tera Aasman Ki Dastak,Atif Aslam,R&B,0.6825040128250208,0.6099882408184587,0.3569937039659188,87.9149356904625,0.207457943923069,-7.105550321808181,0.2731137535381197,220,3:40,90,Yes,A
trk_01013,Yeh Zindagi Mein Tu,Arijit Singh,Pop,0.7725170932226936,0.5516237790546955,0.6375749183855103,118.96866032475876,0.2976319745000303,-3.456951926165151,0.1365592093184207,229,3:49,74,No,A
trk_01014,Woh Fanaa Ka Rang,Mohit Chauhan,Electronic,0.6844991502600097,0.3949666523804294,0.853450719270349,128.14532918886417,0.0,-5.321063955029818,0.3843343212733474,221,3:41,66,No,B
trk_01015,Woh Barsaat Ki Raahein,Guru Randhawa,R&B,0.6302332777884466,0.7128506410830857,0.6141063052487085,85.86480247241522,0.2565996664156715,-7.974965741538115,0.0293259840251607,240,4:00,40,No,F
trk_01016,Tera Saathiya Waala Pal,AP Dhillon,Pop,0.8295774693213164,0.8682759019219523,0.796393604316609,113.87309840319122,0.120006426235954,-5.986312375794901,0.0852473021716017,215,3:35,31,No,A
trk_01017,Mera Fanaa Waala Mausam,Armaan Malik,Jazz,0.2768141288928022,0.4459841687604511,0.2570509532673017,107.6457537544936,0.5982706650483471,-8.804476997041835,0.0398440131051744,251,4:11,45,No,F
trk_01018,Tera Fanaa Ka Ehsaas,Anirudh Ravichander,Country,0.3838122486239315,0.5561937197242763,0.7272173774253451,115.9743060884104,0.2621145867694885,-7.031356555693969,0.1570138162407072,199,3:19,42,Yes,E
trk_01019,Tera Barsaat Waale,Anuv Jain,Pop,0.649213099860053,0.8376212579321664,0.8188359456519428,122.45709140135368,0.0059383438461891,-5.511799599039944,0.5622044720785176,219,3:39,2,No,F
trk_01020,Woh Roshni Waali Shaam,AP Dhillon,Classical,0.2260475683088931,0.1845347815096416,0.4028410067596321,79.24134074511034,1.0,-14.973365919934412,0.3158126777691764,232,3:52,47,No,E
trk_01021,Tera Yaadein Ka Ehsaas,Arijit Singh,Rock,0.9105115334538944,0.725928372027322,0.6477790455745734,127.14005684354689,0.1211632492588934,-4.031497384501415,0.2953374271238848,157,2:37,52,No,G
trk_01022,Tera Silsila Waala Pal,Arijit Singh,R&B,0.5840767675727437,0.7580157717256664,0.675783932780578,93.1837245005863,0.2055491289459187,-8.154405887718648,0.0566318468973176,225,3:45,0,No,G
trk_01023,Woh Parwaaz Ke Sang,Jonita Gandhi,R&B,0.6775280993218131,0.5608184309013693,0.3994689080165379,82.41482203617203,0.3552844768167702,-8.67356028909872,0.4153713450172048,193,3:13,75,No,E
trk_01024,Mera Noor Ka Ehsaas,KK,R&B,0.5344277478532657,0.7100659448885968,0.7167628591247068,88.72373821349515,0.2352603216916762,-6.190871168900364,0.2118011979705946,216,3:36,47,No,B
trk_01025,Tera Bekhayali Ki Kahani,Jubin Nautiyal,Hip-Hop,0.7981139153571684,0.8074249582250865,0.2066801023349284,106.93773658263584,0.0,-7.603676491048231,0.1940316220168359,188,3:08,57,No,D
trk_01026,Yeh Mausam Ki Roshni,Papon,Country,0.5013460965443686,0.6114798410360052,0.4587528972853876,100.91000820773402,0.2276457823973848,-5.846883318082566,0.3733169633536496,251,4:11,56,No,G
trk_01027,Tera Barsaat Ke Rastey,Armaan Malik,Country,0.6621394019970304,0.5313615735324303,0.8011038136803221,101.3325872692063,0.3778231583686575,-7.080808568780425,0.1687944638118036,202,3:22,38,No,F
trk_01028,Mera Saathiya Waala Mausam,Anirudh Ravichander,Rock,0.8057711322035562,0.5092597148551268,0.4442083311296981,127.36527288276436,0.0299057056955569,-4.907463635058168,0.1893637396935536,216,3:36,55,No,E
trk_01029,Tera Sapno Ki Dastak,Vishal-Shekhar,Electronic,0.7776875562180995,0.5960033881394162,0.5327372632153038,125.86086926970444,0.0051419104276841,-4.637590001068784,0.5135930636758221,149,2:29,54,Yes,C
trk_01030,Mera Chaand Mein Tu,Atif Aslam,Pop,0.7358685469644431,0.439539474827386,0.7406828332430707,123.02727596310878,0.0689961626168776,-8.274462929676515,0.1649040104005444,184,3:04,70,No,A
trk_01031,Woh Ishq Ka Rang,Arijit Singh,Jazz,0.4956806627475861,0.5379062308169184,0.4379415306651331,117.89239953662992,0.5410118913937816,-10.471965311105588,0.3978565250217944,251,4:11,76,Yes,E
trk_01032,Woh Ishq Ke Paar,Jonita Gandhi,Rock,0.8929799489530097,0.4309661876656095,0.3344562693598539,133.71283053164296,0.0,-5.125388211537605,0.3967155366403636,208,3:28,39,No,B
trk_01033,Woh Chaand Ke Rastey,Rahat Fateh Ali Khan,Pop,0.7766215260152907,0.6998353321203542,0.6706941951789197,103.35293318382432,0.2406364931844909,-4.234900110243402,0.3755529166254651,212,3:32,42,No,B
trk_01034,Yeh Fanaa Ka Rang,Arijit Singh,Pop,0.5605165632417789,0.8972013058806529,0.5661273886116436,133.18714525820843,0.1182820949268364,-4.204588080386703,0.4178859362405007,263,4:23,61,No,B
trk_01035,Tera Silsila Mein Tu,Arijit Singh,Classical,0.1964119721165516,0.2914581167166933,0.6330095346462044,101.04175156543675,0.8589282655379151,-15.690796930566094,0.245810267371874,194,3:14,35,No,B
trk_01036,Tera Junoon Ki Kahani,Neha Kakkar,Rock,0.7223381799755338,0.3661947099465081,0.7618491056167817,127.99144400429962,0.1659685833537622,-5.436230287366899,0.3213014928750862,220,3:40,88,Yes,A
trk_01037,Mera Junoon Mein Tu,Yuvan Shankar Raja,Electronic,0.7441763066415849,0.8010297205776643,0.6014812084945178,131.39636906482326,0.0,-7.521384512642232,0.4974850014579206,204,3:24,100,Yes,B
trk_01038,Tera Rangeen Ke Paar,Vishal-Shekhar,Pop,0.5323872541153666,0.8415868558845628,0.6516538954160876,128.12832807779498,0.2113869930639386,-6.601628153244407,0.1724690639107159,214,3:34,31,No,E
trk_01039,Tera Ranjha Ka Rang,Anuv Jain,Rock,0.7684105908243465,0.4862536230260987,0.5641148780889812,142.90296891669297,0.0069683747001759,-2.6304460230306077,0.4243334326229406,205,3:25,73,Yes,G
trk_01040,Woh Safar Waale,Jubin Nautiyal,Hip-Hop,0.709175832675552,0.9236619742142976,0.4444826309742442,82.36964646422933,0.0411896046320104,-6.4950791028660015,0.5945106481693816,224,3:44,66,No,B
trk_01041,Woh Roshni Ke Rastey,Ritviz,Electronic,0.8946243671615315,0.6210084686976451,0.574741436335556,132.84104990934742,0.0607666627849797,-4.032778771559557,0.1681636251955545,221,3:41,51,No,A
trk_01042,Woh Saathiya Waale,Hariharan,Rock,0.9240333422556478,0.4040267665167066,0.3503572026164341,133.57029622487804,0.2395208187260586,-5.494067410254838,0.2879023653571946,332,5:32,41,No,A
trk_01043,Mera Mausam Ki Roshni,Shankar Mahadevan,Classical,0.1187087023241761,0.3193809008331118,0.3992319096876234,84.98762042499922,0.9161509755433186,-14.439959920205968,0.3916685605185004,208,3:28,30,Yes,D
trk_01044,Yeh Bekhayali Ka Rang,Atif Aslam,Country,0.5275080460444649,0.5080125837715642,0.4010048382925636,124.12178047662954,0.2750068969250949,-4.620828802868032,0.3540589242732644,220,3:40,63,Yes,E
trk_01045,Woh Zindagi Waale,Pritam,Jazz,0.4774773390074357,0.4897505945090977,0.3783216983534514,118.48496068900062,0.5011266899810717,-12.316026505713907,0.5157656335769611,246,4:06,31,Yes,F
trk_01046,Tera Tanha Waale,Dhvani Bhanushali,Rock,0.7158381024254603,0.5013321019523265,0.8327354755212883,135.60120809055442,0.0,-6.276456107179615,0.1355959424423372,190,3:10,45,Yes,D
trk_01047,Yeh Mausam Ke Paar,Sid Sriram,Pop,0.7720213185144802,0.8198975818344767,0.7187326422978646,121.30401111005786,0.1470071481460909,-6.521297105270072,0.0883631246736043,160,2:40,20,Yes,C
trk_01048,Woh Khwaab Ki Dastak,Anuv Jain,Country,0.626743912700119,0.6176679954782003,0.6597808449296513,91.21040272780888,0.4443256282700979,-5.913777071638542,0.1569216077721247,237,3:57,55,No,D
trk_01049,Tera Aasman Ke Sang,Divine,Pop,0.9393308567799792,0.6987976871671494,0.7250023206593339,104.28250169458722,0.1873751155003556,-6.114917117237414,0.1732909644547344,248,4:08,28,No,E
trk_01050,Woh Aasman Ke Rastey,King,Country,0.6381393639905322,0.4832840449933674,0.6539867886220352,108.58736143996616,0.4924362201033925,-7.806109568355721,0.3182523420256791,230,3:50,61,No,E
trk_01051,Woh Mausam Ka Ehsaas,Ritviz,Hip-Hop,0.5991518572713683,0.627695397070877,0.5373514039601006,89.7154900209961,0.0015749003239522,-7.901366556799616,0.2171712772855309,197,3:17,80,No,B
trk_01052,Tera Khwaab Ki Chaahat,Palak Muchhal,R&B,0.5091327654293959,0.7390270311075323,0.4877280379738889,77.10617910896607,0.3087849074808333,-9.642038066041057,0.1731391873512947,158,2:38,33,No,F
trk_01053,Woh Saathiya Ka Rang,Monali Thakur,Electronic,0.7488894787671215,0.8653210071993688,0.6672694488993888,132.71399525034104,0.0807316268333437,-4.353871865915698,0.2627686101686938,233,3:53,52,No,G
trk_01054,Mera Nazar Mein Tu,Sid Sriram,R&B,0.5887054664630161,0.8045618312218215,0.5559677299097134,73.107590770173,0.180450539981499,-9.74600736500503,0.2705386503095123,201,3:21,65,No,E
trk_01055,Yeh Mausam Ki Baarish,Yuvan Shankar Raja,Rock,0.9732647504381844,0.4039757931595834,0.458578588362623,125.1340987442978,0.1949230845158509,-6.243370864279991,0.0612588239804336,176,2:56,42,No,C
trk_01056,Tera Aasman Ki Chaahat,Divine,Electronic,0.7607590040716099,0.7285461212753385,0.614246510308488,115.32177530971812,0.0146808910025586,-3.3213646264199133,0.1898525252185807,223,3:43,33,No,D
trk_01057,Yeh Safar Waala Mausam,Sunidhi Chauhan,Hip-Hop,0.8619982864228278,0.6520123303623698,0.6589235895819588,94.63726513700897,0.0570888523813778,-5.4035947881819055,0.5234525525341455,225,3:45,54,Yes,E
trk_01058,Yeh Rangeen Ke Paar,Sunidhi Chauhan,Hip-Hop,0.8142650685962458,0.8232214013880352,0.416316959360965,101.88747561483534,0.0472537357115444,-6.1268138616749805,0.017604403149083,169,2:49,50,No,C
trk_01059,Yeh Tanha Waali Shaam,AP Dhillon,Classical,0.0869561846433265,0.2801550647705277,0.2719889556895558,101.51823899068104,0.7701188758480777,-16.16940512656741,0.5874148314721019,220,3:40,65,No,C
trk_01060,Yeh Silsila Ki Baarish,KK,Country,0.5670525147396147,0.4749813173917824,0.7386054530619512,109.50557907378892,0.3320400688098928,-7.24339980863079,0.3863356590454072,189,3:09,61,No,E
trk_01061,Mera Nazar Waala Mausam,Jonita Gandhi,R&B,0.6042755187450238,0.5180187993533727,0.4723560907066131,65.92136380554862,0.2689966137549412,-6.984062402160411,0.1379938219720026,258,4:18,29,No,F
trk_01062,Tera Dooriyan Ki Chaahat,Sunidhi Chauhan,Electronic,0.9170972395051477,0.6817842137947677,0.6353812275783213,139.4944668253802,0.0860834906996712,-7.01553492762109,0.4477364328604345,273,4:33,68,No,C
trk_01063,Yeh Parwaaz Ki Raahein,Atif Aslam,Hip-Hop,0.7727462194532092,0.8067707810015953,0.2755926681577551,103.20977561824915,0.0,-5.9779989409716014,0.4525391761236727,248,4:08,60,No,G
trk_01064,Tera Ishq Ke Geet,Ritviz,Hip-Hop,0.722159801813674,0.8380936725556172,0.5571141851283117,89.82169808795614,0.1420341865405484,-9.454397963667985,0.2339768440478806,242,4:02,43,Yes,G
trk_01065,Woh Ranjha Ka Nasha,Raftaar,Electronic,0.800709840017756,0.7994938928975639,0.4542902051692067,141.8095966988182,0.0046699657935797,-6.955041310280443,0.2739238351835237,230,3:50,70,Yes,D
trk_01066,Tera Dil Ka Junoon,King,Rock,0.9224681093358464,0.6791770291066106,0.5612248865192199,126.1759061653788,0.2005490927557486,-5.694684306860919,0.1268375483244906,198,3:18,61,No,G
trk_01067,Mera Nazar Ka Rang,Papon,Pop,0.7403714418464749,0.7849747187775767,0.6932368283478663,113.1286595063194,0.2616146967025098,-4.694556276095419,0.1137594735643567,195,3:15,42,No,F
trk_01068,Mera Chaand Ke Paar,Yuvan Shankar Raja,Rock,0.9598558212785352,0.5564181006861278,0.7602483759485121,108.59630404238146,0.1112143417947412,-2.7525123645022065,0.2754581588611536,167,2:47,79,No,A
trk_01069,Tera Ishq Ki Baarish,Vishal-Shekhar,Rock,0.8888585289032603,0.6746292200660091,0.7546394839477132,136.4490592262171,0.1703437220543546,-3.3031646477692744,0.3424955183354964,257,4:17,34,No,G
trk_01070,Yeh Dil Ka Rang,Prateek Kuhad,Rock,0.8918680128864304,0.4794642776121185,0.7215676871430823,130.5534010009093,0.049769796878358,-5.725253260250189,0.6604173955309609,216,3:36,23,No,D
trk_01071,Tera Dooriyan Ki Roshni,Badshah,Rock,1.0,0.4902810456176563,0.5523110760821351,126.51716862072595,0.1814236775228768,-4.011892881180056,0.3704386972811429,204,3:24,33,Yes,G
trk_01072,Mera Mausam Ki Baarish,Pritam,Pop,0.7175020555738674,0.6873398289866096,0.6505296549660172,135.93694642280653,0.1422601461139939,-4.011432027296706,0.0919491779521977,254,4:14,42,Yes,D
trk_01073,Tera Safar Ke Rastey,Vishal-Shekhar,Pop,0.7257621226613715,0.79305982470169,0.6651910414322202,107.52282620977762,0.1045668951609738,-6.462200077325915,0.548460535071798,240,4:00,79,No,B
trk_01074,Mera Parwaaz Ka Rang,King,R&B,0.7869435435923976,0.7735973159265618,0.6313920866770315,108.37942029992276,0.283771495375621,-8.373085136123798,0.4595301068793302,214,3:34,49,No,C
trk_01075,Mera Rangeen Waale,Jubin Nautiyal,Hip-Hop,0.6834421027432405,0.6451738331769166,0.5931304847435077,100.8783512186579,0.1268056161966697,-5.792662145247239,0.5534297702189851,227,3:47,61,No,B
trk_01076,Yeh Ishq Ki Kahani,Yuvan Shankar Raja,Hip-Hop,0.5999861078760043,0.7120983731049549,0.4777341758488576,95.16620981362414,0.1507186528375734,-3.5859849365851844,0.0678750151080478,174,2:54,58,No,B
trk_01077,Tera Rangeen Ki Kahani,Papon,Classical,0.2221321097160442,0.326617786520418,0.413403295612801,79.02073636932954,0.920856492957702,-16.24632067606224,0.0417019267939111,154,2:34,72,No,F
trk_01078,Yeh Dil Waala Mausam,Sid Sriram,Pop,0.734424469141679,0.8893715564418126,0.5025883295032263,113.85250683291152,0.3319990730829172,-5.074953186215799,0.2229796976268676,239,3:59,23,No,A
trk_01079,Woh Saathiya Ki Raahein,Sonu Nigam,R&B,0.5927966673356474,0.6427569146962602,0.5034582456234031,96.94344894407132,0.1357867991625922,-12.668791160138628,0.336075605802318,248,4:08,81,No,F
trk_01080,Tera Dooriyan Ka Junoon,Anirudh Ravichander,Electronic,0.7335438592535203,0.60942945245804,0.7014051680772591,142.3436929453194,0.1211201692498471,-9.080744160245366,0.206183451691978,223,3:43,33,No,A
trk_01081,Mera Silsila Ke Geet,Yuvan Shankar Raja,Pop,0.7432395875649156,0.7407017592654049,0.5748155918573095,119.93586995065698,0.0347981953719855,-5.078128642469176,0.0354454067187501,173,2:53,49,No,C
trk_01082,Yeh Rangeen Ke Rastey,Mohit Chauhan,Hip-Hop,0.9100395610955668,0.6290654281158108,0.5753681596318363,90.37670982921556,0.0,-8.227630580736562,0.4373777142879251,204,3:24,37,No,C
trk_01083,Tera Yaadein Ke Rastey,Guru Randhawa,Country,0.5230470579354837,0.5610549119552132,0.472667347069602,91.55013331391592,0.4366273147133113,-7.460491068825103,0.520569208072669,153,2:33,36,No,D
trk_01084,Mera Junoon Ki Kahani,Papon,R&B,0.6793933523105714,0.6427784414390405,0.5438793009889628,85.58014014453663,0.2979425157978677,-5.452195838408329,0.5059235082172524,287,4:47,62,Yes,A
trk_01085,Tera Barsaat Waali Shaam,Guru Randhawa,Hip-Hop,0.600304787957704,0.8755897736055724,0.5335909628725795,109.995023691642,0.058298158960238,-6.454644494997247,0.1226354090302,254,4:14,67,Yes,G
trk_01086,Yeh Roshni Ki Baarish,Raftaar,Jazz,0.2524882484100518,0.4559083112683055,0.5375799139889635,93.92324535990944,0.6034352370057382,-14.018745277558027,0.4386307755312097,211,3:31,54,No,G
trk_01087,Mera Barsaat Ki Dastak,Shaan,Pop,0.7037606583235773,0.6772448088847705,0.542845888977515,127.6772668583482,0.1446486817553906,-6.464955534193948,0.6954656235747422,217,3:37,67,No,A
trk_01088,Woh Mausam Ki Kahani,Shaan,R&B,0.613923246578301,0.6738924185478368,0.4841820174706464,106.58930671996036,0.1430513563654699,-8.860098629687608,0.5173015917928152,234,3:54,21,No,G
trk_01089,Tera Dil Ki Chaahat,Sonu Nigam,Rock,1.0,0.5475026614554962,0.728060053596838,123.80744379667084,0.0720993749923394,-2.7536236799499827,0.0819265200173672,218,3:38,67,No,E
trk_01090,Tera Tanha Ki Raahein,Atif Aslam,R&B,0.5308965422813203,0.749403261096794,0.247279255834024,101.94148148013127,0.3721846579355678,-8.723186426482204,0.5017418287469253,194,3:14,42,No,E
trk_01091,Woh Ranjha Ka Rang,Neha Kakkar,Classical,0.1541085909994012,0.3006365889058304,0.2500848147440007,88.91174688784963,0.9146349398256765,-16.800675013329034,0.4436471769573839,214,3:34,45,No,G
trk_01092,Yeh Tanha Ki Dastak,Yuvan Shankar Raja,Jazz,0.3812488952784685,0.4818341213011045,0.8453792188879963,114.39883095388468,0.5477667135433747,-13.46121910936422,0.151785971749462,176,2:56,45,Yes,C
trk_01093,Yeh Junoon Ke Sang,Prateek Kuhad,Hip-Hop,0.6597692422901362,0.6861217063023788,0.4215323486921642,82.7577499164442,0.0,-3.61317706367656,0.2932330089240961,214,3:34,68,No,D
trk_01094,Tera Ranjha Waale,A.R. Rahman,Rock,0.7675777560632546,0.4328914471195133,0.5875245828259268,154.1539356508713,0.1662320817038568,-5.662836258914046,0.1010319439017954,177,2:57,39,No,E
trk_01095,Mera Silsila Ki Raahein,Kavita Seth,Pop,0.7871814819347136,0.7774625975377167,0.5771652713041573,122.15510165075372,0.2540035521985008,-3.1273292978618823,0.2234100391632926,177,2:57,51,No,G
trk_01096,Woh Silsila Ka Safar,Jonita Gandhi,Rock,0.8961138384903977,0.3593479026333734,0.4298252111621439,131.0330151841496,0.1831937990057595,-4.428542402681235,0.1419699224223849,193,3:13,33,No,G
trk_01097,Mera Nazar Ka Junoon,Rahat Fateh Ali Khan,Pop,0.8523557863374703,0.5649506147929901,0.5936643300405033,127.90909276518504,0.1973865514874732,-4.38904157683677,0.2085485867566092,224,3:44,41,Yes,C
trk_01098,Woh Ishq Ki Dastak,Anirudh Ravichander,Electronic,0.8528111521830045,0.7834940673485064,0.7505135091550649,139.2103402571848,0.1038736596340578,-4.969380605041588,0.1011119092019593,215,3:35,52,No,C
trk_01099,Yeh Silsila Ke Geet,Shreya Ghoshal,Rock,0.8833868499441491,0.4221964523929613,0.5115438521412422,123.30460141628696,0.0999251250512811,-4.649690653065705,0.3893988895852086,213,3:33,57,No,A
trk_01100,Woh Aasman Ki Raahein,Shaan,Pop,0.6985098338329041,0.7577181894722106,0.9983646038654588,116.85725945063128,0.1319019384281911,-3.204276967444048,0.224920639553837,199,3:19,75,No,E
trk_01101,Mera Rangeen Ki Kahani,Guru Randhawa,R&B,0.6301949216792375,0.6269989241220034,0.4516691252112299,92.55784252326366,0.3000061437603258,-5.0583435630628,0.1432709821702535,189,3:09,84,No,D
trk_01102,Mera Silsila Ka Junoon,Javed Ali,Country,0.3941237746861858,0.5309628533913072,0.6019430312814369,98.8176357549318,0.2978834650977239,-8.830698624079226,0.4500061501420701,138,2:18,69,No,D
trk_01103,Yeh Zindagi Ke Paar,Armaan Malik,R&B,0.3507371579227785,0.6976049905523375,0.4207811537115102,91.21161091181868,0.2200439493627788,-7.109463065590666,0.2941970753437203,243,4:03,58,No,B
trk_01104,Mera Khwaab Ki Roshni,Anirudh Ravichander,R&B,0.6975799947582375,0.6115806607152601,0.4570058001782289,88.24526341350018,0.1712121084801725,-8.002212402260051,0.3906327417033096,241,4:01,96,No,C
trk_01105,Tera Fanaa Ki Chaahat,Sid Sriram,Pop,0.8067256612625247,0.7069564425908532,0.7554521993744161,116.47212999696814,0.0,-4.929641439887264,0.3974355357439377,218,3:38,69,Yes,D
trk_01106,Woh Barsaat Ka Safar,Diljit Dosanjh,Hip-Hop,0.7435439926730929,0.7652789350123883,0.4692365978120947,97.85478467994152,0.1442522558799638,-6.921640704470224,0.2457256976970113,241,4:01,23,No,G
trk_01107,Tera Ranjha Ki Kahani,Shreya Ghoshal,Electronic,0.7189909066489417,0.4874312239813992,0.6572836648789594,113.0662756474994,0.0169472619084095,-3.715767066261487,0.334099047848579,213,3:33,67,No,G
trk_01108,Woh Chaand Waale,Sunidhi Chauhan,Classical,0.2211804393622986,0.3841296799296975,0.3488305263958453,98.02658388108352,0.8077156134824924,-15.846952874870022,0.276293593397187,156,2:36,47,No,D
trk_01109,Yeh Khwaab Waali Shaam,Kavita Seth,Pop,0.9785208621660906,0.967327042752028,0.7313707134280925,125.70503097698864,0.2810903647352705,-4.638054952504356,0.3685000830970827,201,3:21,38,No,D
trk_01110,Tera Saathiya Ka Ehsaas,Anirudh Ravichander,Electronic,0.7627681646429516,0.8765454659959112,0.66586542186244,122.05909521019424,0.1428038743125126,-5.331904841828571,0.0683348015390385,219,3:39,50,No,B
trk_01111,Mera Yaadein Ka Junoon,Guru Randhawa,Rock,0.9017275427361306,0.5629238180295241,0.4890962387769078,136.34100571910068,0.1729450874856641,-5.003167358171684,0.0657533552864329,194,3:14,74,No,F
trk_01112,Woh Rangeen Ki Dastak,Hariharan,Rock,0.9298956843052558,0.5448716411034848,0.3885620342758659,135.2482400133189,0.1026230536335993,-2.294258145912484,0.6818445216290646,217,3:37,63,No,E
trk_01113,Yeh Dil Ki Dastak,Sid Sriram,Hip-Hop,0.7383490064295248,0.5977627632969913,0.4854557519150085,93.14187786955434,0.1371027443713415,-4.2347304858525865,0.358266280816483,221,3:41,34,No,A
trk_01114,Yeh Dooriyan Ke Rastey,Sid Sriram,Jazz,0.425674726103953,0.5243133265424835,0.4650307512464976,103.11341129026172,0.5594891508402797,-13.330335834421764,0.2807969859212494,201,3:21,62,Yes,B
trk_01115,Mera Yaadein Waala Pal,Vishal-Shekhar,Jazz,0.2922893052824465,0.3575447561255541,0.5522329638294952,105.63762896632636,0.6200692890958533,-9.76556330334859,0.3055403961937289,184,3:04,73,No,F
trk_01116,Yeh Saathiya Waala Pal,Neha Kakkar,Pop,0.8203493522711172,0.849441028121763,0.7021426361778609,142.753138009361,0.215932189076451,-5.365221604449351,0.2226909607418241,269,4:29,79,No,B
trk_01117,Woh Tanha Waale,Shaan,Country,0.4827781127447595,0.6755677525741102,0.5824320560245878,116.22141733919524,0.3879683138427808,-6.922423172780219,0.1698894778622002,179,2:59,44,No,E
trk_01118,Mera Rangeen Ka Ehsaas,Sonu Nigam,Rock,0.7094577227346406,0.5522889638447576,0.6210379779429012,124.26644302779177,0.1193628832355642,-5.379647423263047,0.1181236117830799,195,3:15,56,No,D
trk_01119,Woh Junoon Waala Pal,Ritviz,Pop,0.6584134488264418,0.6273740246821402,0.6576733326064539,109.49949154316988,0.0548361338682912,-3.644082429999525,0.7584470678319902,150,2:30,45,No,E
trk_01120,Yeh Chaand Ki Dastak,Jonita Gandhi,Country,0.4727268584036219,0.4935483530349913,0.7665764962666114,109.19423622174608,0.4082378910926569,-9.631117827893863,0.0972133363277512,207,3:27,47,No,F
trk_01121,Woh Ishq Ki Kahani,Sid Sriram,R&B,0.4753787815346647,0.7471462484122803,0.5316725671265047,76.33790619398934,0.2261109216420555,-9.250686594579165,0.0610134287927863,180,3:00,77,No,A
trk_01122,Yeh Tanha Ki Chaahat,AP Dhillon,Country,0.4612601291109188,0.3814176363787392,0.6967998064968627,117.64508281227148,0.4120704875264995,-6.869295871675288,0.2088882184222056,181,3:01,1,No,C
trk_01123,Tera Parwaaz Ka Safar,Alka Yagnik,Electronic,0.8846853743179901,0.6683973468278271,0.5265805419912116,117.87618645309962,0.1259332856190528,-7.817652311234046,0.5002703336989706,239,3:59,50,No,F
trk_01124,Tera Ranjha Ki Chaahat,Palak Muchhal,Classical,0.3833638561859828,0.4141454578321271,0.5722078494402534,104.60818718289111,0.911490466719056,-17.738189599636907,0.3067970616674192,190,3:10,46,No,E
trk_01125,Mera Khwaab Waala Mausam,King,Jazz,0.4105465688240445,0.4035487234336191,0.622037654989325,105.45048547402526,0.6700807960313311,-8.304866537998883,0.1449906349001953,201,3:21,78,Yes,F
trk_01126,Yeh Khwaab Waala Pal,Yuvan Shankar Raja,Pop,0.8708439989136089,0.6725974349637394,0.6188738694053695,125.12662032127008,0.1621478039713256,-6.029092289815518,0.2170732267481649,193,3:13,0,Yes,E
trk_01127,Woh Junoon Ka Ehsaas,Kavita Seth,Hip-Hop,0.8688822192302676,0.7414554979080032,0.3682827963705667,100.07932669962015,0.0271642105593933,-7.1691843018783485,0.4665921787965011,159,2:39,84,No,F
trk_01128,Yeh Noor Ka Ehsaas,Shaan,Rock,0.947333744961342,0.4244024708684988,0.593937583115882,122.9329582378976,0.08488150043899,-3.758960698802643,0.2046757485671224,162,2:42,42,No,A
trk_01129,Mera Dooriyan Waala Pal,Badshah,Rock,0.8291777290387247,0.4463653973043478,0.4835146739094305,129.78239743905056,0.2120621820956521,-3.3160474001791163,0.0579018527166234,259,4:19,40,No,F
trk_01130,Woh Mausam Ki Dastak,Ritviz,Electronic,0.6996801535096923,0.6820746844069259,0.4042203652983447,133.32036028333283,0.0397890064166079,-4.67503363571838,0.5855633519173312,215,3:35,38,No,G
trk_01131,Woh Khwaab Waali Shaam,Hariharan,Hip-Hop,0.6947395852323953,0.7404908291112721,0.3028282440100902,72.13686181405961,0.0125836805071402,-3.543832776175929,0.4941232465464068,209,3:29,34,No,B
trk_01132,Yeh Tanha Ke Rastey,Monali Thakur,Pop,0.6894706428849333,0.7992165829384312,0.6823370253544242,132.17872219473077,0.1941873039928271,-4.633510547609894,0.1018973994712366,233,3:53,54,No,B
trk_01133,Tera Roshni Waale,Palak Muchhal,Rock,0.8038732922981304,0.4352468523357292,0.417674438301119,124.48671639129716,0.0554231969214475,-2.258887995986586,0.1852634098017414,232,3:52,20,No,F
trk_01134,Tera Manzil Ki Roshni,Diljit Dosanjh,Classical,0.4097674996704983,0.3857322191906177,0.3574948286001461,89.1681933989559,0.9452941912616138,-14.549674874866383,0.2206146682886286,208,3:28,54,No,F
trk_01135,Mera Manzil Ki Dastak,Prateek Kuhad,Pop,0.6298464605260713,0.6163277915853378,0.7536863555768113,113.93643148629576,0.1367327275470398,-5.539538998551235,0.3612980955540888,240,4:00,62,Yes,B
trk_01136,Woh Dooriyan Waale,Rahat Fateh Ali Khan,Country,0.6025545680190085,0.4755628840195418,0.4724173588376932,106.986435513874,0.5266600343197473,-8.06984801593683,0.1792881662663483,237,3:57,40,Yes,D
trk_01137,Tera Rangeen Mein Tu,Kavita Seth,Hip-Hop,0.6751028841548838,0.701870123674475,0.4349217097178159,70.34506006686986,0.0,-5.49491552760525,0.1983764035245016,141,2:21,60,No,A
trk_01138,Mera Dil Waali Shaam,Jonita Gandhi,Hip-Hop,0.5547474553687719,0.7192822548787496,0.6063232864413663,97.94205019929608,0.0056748047285098,-8.559599115707172,0.2648191559023041,263,4:23,0,No,A
trk_01139,Mera Mausam Ki Chaahat,Prateek Kuhad,Jazz,0.4698083464917668,0.1745478371601627,0.5802243337981631,105.83308013204264,0.5823316575896359,-12.361071429144982,0.1505401135486806,182,3:02,65,No,F
trk_01140,Mera Manzil Waala Pal,Prateek Kuhad,Electronic,0.6317358085994702,0.7606149952092929,0.5084338644532235,140.51622244393238,0.0,-5.699362009516508,0.305693301783446,214,3:34,68,No,B
trk_01141,Yeh Zindagi Ka Junoon,Diljit Dosanjh,Rock,0.8840613663631447,0.5372832405835356,0.554125177559348,124.14895968637398,0.0,-5.766126201146977,0.2165524407714129,197,3:17,68,No,B
trk_01142,Yeh Chaand Waale,Neha Kakkar,Classical,0.2661595318731725,0.4286691849783615,0.6592997233978188,86.57817642052123,0.8714583149169672,-16.206544313045942,0.3019966289208461,152,2:32,64,No,B
trk_01143,Woh Safar Ka Ehsaas,Kailash Kher,Jazz,0.4804410970923577,0.5584215204141363,0.5507519487898089,98.8677694352294,0.5457472765562383,-9.98422528532536,0.2330887257970993,261,4:21,29,No,D
trk_01144,Tera Dooriyan Waala Pal,Papon,Rock,0.8812484998197304,0.3221218270084817,0.5108922858536952,149.74837707063182,0.0834322550770691,-2.0095089497681355,0.1529888139658337,199,3:19,12,No,D
trk_01145,Yeh Manzil Ki Kahani,Yuvan Shankar Raja,Country,0.7881982369408583,0.5727467267880699,0.7285596755277816,88.93142053637158,0.3706211642726841,-6.971354931531863,0.1011147403702443,252,4:12,35,No,D
trk_01146,Woh Nazar Ke Sang,Nucleya,Electronic,0.762805273530543,0.7890887128762384,0.6211173706806737,110.93355877746248,0.0,-7.264557789657112,0.1879594228917722,221,3:41,2,No,C
trk_01147,Yeh Barsaat Ka Rang,Yuvan Shankar Raja,Classical,0.1379601888099192,0.3952320402330819,0.1473303002554087,74.24275737001786,1.0,-15.780541038189682,0.1527864610690234,227,3:47,46,No,G
trk_01148,Tera Chaand Ke Paar,Nucleya,Country,0.6515856518992977,0.4032966048561281,0.6510245138215003,121.09541657038368,0.3307832903197983,-5.603482217696343,0.2529725405272071,182,3:02,33,No,A
trk_01149,Yeh Dooriyan Ke Geet,A.R. Rahman,Country,0.5520271892122288,0.3967778212759689,0.6176311272066011,107.52876657515668,0.4927708485559817,-6.395922716095267,0.2541896028319649,295,4:55,48,No,G
trk_01150,Mera Fanaa Ka Nasha,Badshah,Electronic,0.7882814768744596,0.7666051248870546,0.5895319629407475,116.49669709990955,0.0,-8.43324835381217,0.0545755628763491,219,3:39,62,No,C
trk_01151,Woh Rangeen Ke Paar,Raftaar,Electronic,0.7718461389842619,0.6408750470232432,0.7332535133027158,130.96400996978696,0.1073125913039234,-5.143718153827348,0.3581344015832818,191,3:11,38,No,C
trk_01152,Tera Saathiya Ki Raahein,Diljit Dosanjh,Classical,0.2855951214844326,0.5289746384473335,0.3820256539455877,93.63122016185449,0.9715675893569206,-16.62881550952853,0.3835798217627726,291,4:51,43,No,E
trk_01153,Mera Barsaat Ka Ehsaas,Rahat Fateh Ali Khan,Classical,0.1667511636350545,0.4782620203420484,0.4520757870909639,83.02827955496849,1.0,-15.222253237400071,0.1736124045671771,252,4:12,32,No,G
trk_01154,Woh Manzil Ki Dastak,Ritviz,Jazz,0.433303568426198,0.6674663988114138,0.2766723062329585,113.73418904794526,0.5772348151705909,-12.403758308987602,0.6494076208313241,241,4:01,61,No,G
trk_01155,Tera Bekhayali Ki Dastak,King,Electronic,0.7529798821418757,0.6228681296153898,0.6975911480245154,128.1096144627699,0.1174340879581421,-7.171923441343839,0.1247435017619232,245,4:05,35,No,G
trk_01156,Tera Zindagi Ka Junoon,Sonu Nigam,Pop,0.8535130863583862,0.7060034645864418,0.6537631813863598,111.84595498785109,0.1996881110193767,-4.001758286868655,0.614637007706109,288,4:48,43,No,E
trk_01157,Mera Aasman Waale,Arijit Singh,Country,0.5451642691674794,0.5663427411235518,0.5407054660208277,100.88380666471426,0.4668481174199569,-4.785714582190531,0.2103518755206443,184,3:04,32,Yes,G
trk_01158,Tera Noor Waala Mausam,Prateek Kuhad,Country,0.4742311014403472,0.7114857169868196,0.7547885080829138,119.40978970923943,0.3819743369884475,-8.320744573088621,0.2437807909636474,232,3:52,23,No,B
trk_01159,Tera Nazar Ka Nasha,Vishal-Shekhar,Pop,0.7278651831611321,0.8051969363384901,0.6880122904880219,128.8504181797306,0.2486594385988602,-3.202549341098087,0.2281816755576982,209,3:29,36,No,F
trk_01160,Woh Ishq Waala Mausam,KK,Electronic,0.788101880855005,0.6554606905411889,0.5172405939037782,127.33238286586445,0.0809415922424635,-7.29363257960317,0.0971284662554991,201,3:21,27,No,F
trk_01161,Tera Saathiya Ke Paar,Mohit Chauhan,Pop,0.6246791958758129,0.9272723101755884,0.710208536703836,102.1366492486811,0.1902589923101777,-4.324667550165877,0.1424149391403661,209,3:29,44,No,F
trk_01162,Yeh Bekhayali Ke Rastey,Sunidhi Chauhan,Rock,0.7392539219650228,0.5380301802444829,0.7772142787389422,141.68884585309934,0.0272504261891022,-1.6060303974441026,0.536318331242974,172,2:52,64,No,D
trk_01163,Tera Safar Waale,Monali Thakur,Electronic,0.816198834365621,0.6918629464472756,0.6394066249863603,116.24782206382,0.0117964166131976,-8.942656222763123,0.3658309704467262,175,2:55,54,Yes,A
trk_01164,Tera Dil Ka Safar,Yuvan Shankar Raja,Pop,0.6786529950710734,0.915543308090312,0.5987817404467506,113.29926280192043,0.0689121959591413,-6.650336569521288,0.4094686671075382,203,3:23,58,No,C
trk_01165,Tera Manzil Ke Rastey,Badshah,Electronic,0.9333961392289332,0.7466583335428418,0.6334288831725787,123.67937311402,0.1148714420603603,-4.593006982363206,0.3919376556909998,219,3:39,39,No,F
trk_01166,Yeh Dil Waali Shaam,Javed Ali,Electronic,0.8056773330780795,0.6274038699485315,0.5111983140996845,112.03409774872148,0.0346903822516659,-5.158887289472726,0.1320618337900087,158,2:38,94,No,F
trk_01167,Mera Fanaa Ka Rang,Atif Aslam,Hip-Hop,0.6934986177221943,0.8599941608940851,0.4003803053257606,114.66034282464608,0.0997996723134421,-6.626320960898978,0.2809546308017018,250,4:10,43,No,C
trk_01168,Tera Khwaab Ke Sang,Sunidhi Chauhan,Pop,0.638386030717587,0.6804076072908889,0.5421392118047798,116.53395441990251,0.1234631275686362,-3.820643745298344,0.3828600471077607,237,3:57,63,Yes,F
trk_01169,Tera Ishq Ka Junoon,Badshah,Rock,1.0,0.4162020785320681,0.5801911368714086,123.12130911926204,0.1029023434110668,-3.3135853870894416,0.0881457951464669,205,3:25,50,No,D
trk_01170,Tera Nazar Ka Rang,A.R. Rahman,Jazz,0.3382715430744781,0.3881016549113877,0.6647859354144723,99.8896286995427,0.6870181401071083,-10.498550054373489,0.3700591277000771,201,3:21,41,No,C
trk_01171,Yeh Sapno Ki Raahein,Prateek Kuhad,R&B,0.4469174873280552,0.6235128505793088,0.425836151131273,98.45280304606848,0.1791229945600088,-10.63365178663708,0.0843338445456172,228,3:48,60,Yes,E
trk_01172,Yeh Dooriyan Ka Safar,Armaan Malik,Classical,0.2713566933292509,0.4301511363479889,0.5839394917195047,105.02194217148192,0.8361812900960063,-14.863412235391667,0.414676387231995,173,2:53,22,No,F
trk_01173,Tera Bekhayali Ki Raahein,Sid Sriram,Rock,0.8997382086692021,0.5032732477657033,0.5533103621948263,137.26696734383663,0.0843300490797468,-2.754449567435765,0.2144528598394788,255,4:15,71,Yes,A
trk_01174,Woh Yaadein Waale,Hariharan,Classical,0.3161046569184774,0.2365261271629645,0.2559712071182557,76.9663631565606,0.972937830852117,-16.159751175161045,0.1924118626417555,198,3:18,64,No,G
trk_01175,Yeh Ranjha Ki Dastak,Kavita Seth,Hip-Hop,0.8279673954992276,1.0,0.4650379935198581,91.8467926685339,0.0081418935801067,-7.002881973947547,0.1536911911421706,195,3:15,36,No,A
trk_01176,Woh Sapno Ke Sang,Shaan,Electronic,1.0,0.8021564124624614,0.6819183008751105,117.9662129283371,0.1001918788497072,-5.67481308359326,0.4214397930268928,135,2:15,69,No,D
trk_01177,Woh Khwaab Ki Kahani,Palak Muchhal,Pop,0.5997611018310482,0.7607186464782416,0.7399602555338847,121.26563015863054,0.12735367411214,-4.59318278708004,0.2674463290035338,212,3:32,31,No,G
trk_01178,Woh Safar Ki Chaahat,Arijit Singh,Electronic,0.8435946323899337,0.7867383103140568,0.5769236178862047,131.44612504184036,0.0265987045160526,-4.993511021866614,0.3133660612384432,214,3:34,29,No,G
trk_01179,Mera Noor Mein Tu,KK,Jazz,0.2890301029652967,0.4850839474424641,0.4639830282309747,119.95052746657046,0.6229948601356867,-13.137521503345823,0.3976543374256656,161,2:41,27,No,B
trk_01180,Tera Safar Mein Tu,Armaan Malik,R&B,0.45346038408183,0.621048286750349,0.4081422535469497,89.5645432792112,0.2638313347830154,-5.15663784015716,0.2876241598573281,243,4:03,39,No,F
trk_01181,Mera Tanha Ki Baarish,Ritviz,Rock,0.879944600405476,0.5345086186015082,0.4381610649659753,140.11265496493013,0.1638803923692535,-2.626705312412885,0.6591224039910911,227,3:47,49,No,D
trk_01182,Woh Manzil Ke Geet,Armaan Malik,Classical,0.2476156231863883,0.3296295365503667,0.4113686170999488,93.88274254926434,1.0,-17.69758628289949,0.1700178453936401,150,2:30,54,No,G
trk_01183,Yeh Fanaa Ka Junoon,Jonita Gandhi,R&B,0.5034677481658923,0.7238455878592935,0.3158040484469583,100.8613477674599,0.3142001699726417,-6.248858343702761,0.096552008012343,204,3:24,18,Yes,G
trk_01184,Yeh Junoon Ke Rastey,Guru Randhawa,Pop,0.6923081733163926,0.803921013398462,0.6600238803810494,128.80292758121442,0.2495784933944339,-5.820610784782396,0.2773654263792238,171,2:51,21,Yes,F
trk_01185,Woh Bekhayali Ka Rang,Atif Aslam,R&B,0.5416474323814304,0.6985930295057167,0.3870448236636102,91.8074021532834,0.1907234666355069,-8.670166144454209,0.521940597445496,212,3:32,61,No,F
trk_01186,Yeh Barsaat Ka Ehsaas,Rahat Fateh Ali Khan,Classical,0.3312735664701906,0.3475175156894087,0.4948469932223204,91.81862913255024,1.0,-15.022923759241111,0.7319738777918913,226,3:46,37,No,E
trk_01187,Mera Junoon Waala Mausam,Javed Ali,Pop,0.712863787066811,0.7772835560844071,0.6853516561018884,126.6185386010422,0.0557020290775415,-3.258560577892653,0.049258929474863,174,2:54,63,No,G
trk_01188,Tera Dil Ka Nasha,Jonita Gandhi,Rock,0.8418455879605238,0.5846372147232786,0.6367101773239847,138.70873772524266,0.0894040650248117,-2.9977673202843897,0.1462515205086746,252,4:12,53,No,E
trk_01189,Yeh Fanaa Ki Chaahat,Raftaar,Electronic,0.8911611463002773,0.7329892170293087,0.728155107208321,136.576353199916,0.0,-4.427050274386291,0.3194809700325209,139,2:19,37,No,B
trk_01190,Tera Sapno Ke Paar,Prateek Kuhad,Pop,0.893878298974325,0.64824142188708,0.8250805281883167,118.3579991778964,0.0924213173606288,-4.321272166607055,0.2287615152569796,198,3:18,73,No,G
trk_01191,Tera Zindagi Ka Rang,Anuv Jain,Jazz,0.4481135053168807,0.6316037866362991,0.7027655181181284,113.0375231014739,0.6072859507094582,-10.344071765637732,0.0864240747612235,172,2:52,30,Yes,A
trk_01192,Mera Bekhayali Waale,Jonita Gandhi,Rock,0.6907400606355931,0.3744767796542246,0.8015771446654685,151.09683656064232,0.0640766446784692,-6.735129141333745,0.5830906336753667,232,3:52,45,No,G
trk_01193,Mera Sapno Ke Paar,Pritam,Classical,0.2674288614111836,0.1930214297921493,0.4789956670244737,86.3945097382798,0.7226920835179248,-13.54953851439463,0.3368455280653169,199,3:19,80,Yes,A
trk_01194,Yeh Saathiya Waale,Shankar Mahadevan,Pop,0.7313540056983807,0.6985574181738257,0.5749390231481866,104.78766262336308,0.228921120304336,-4.819440306566658,0.4400591643348837,193,3:13,69,No,G
trk_01195,Mera Roshni Ka Safar,Kailash Kher,Country,0.5542039036997232,0.4677341059228876,0.6159169027374635,99.39614345289954,0.3600934507541601,-6.396111997937757,0.7545731786845803,176,2:56,41,No,A
trk_01196,Woh Saathiya Ki Dastak,Atif Aslam,R&B,0.5411120836281778,0.6741577689480139,0.2790121260218527,101.2859406747858,0.0293717096362105,-10.976192100136412,0.4024591234529531,259,4:19,64,No,A
trk_01197,Tera Silsila Ka Safar,Mohit Chauhan,R&B,0.5749725487053597,0.7293254176193033,0.4965318171802567,71.2594449726878,0.4257065787618018,-6.198798770857323,0.1357173560928439,155,2:35,40,Yes,F
trk_01198,Woh Junoon Ki Raahein,Jubin Nautiyal,Electronic,0.6239363556662496,0.6689874950636222,0.4589805604646539,130.34971472673564,0.0396717833221021,-5.132122037681171,0.0173536588819396,212,3:32,40,No,A
trk_01199,Woh Mausam Ke Rastey,Arijit Singh,Pop,0.8889985043272405,0.7225237023909004,0.6965487549387727,121.56200588732126,0.1512061631026258,-7.01000599253687,0.2234579746905581,202,3:22,91,No,E
